phase,symbol,price,event_time,seq,size,expected_partition,expected_window_start,expected_drop_shared
1,TSLA,99.938181,1787200015.0,0,1000,2,1787200015.0,0
1,TSLA,99.942336,1787200015.01,1,1000,2,1787200015.0,0
1,TSLA,99.910474,1787200015.02,2,1000,2,1787200015.0,0
1,TSLA,99.880746,1787200015.03,3,1000,2,1787200015.0,0
1,TSLA,99.815514,1787200015.04,4,1000,2,1787200015.0,0
1,TSLA,99.857243,1787200015.05,5,1000,2,1787200015.0,0
1,TSLA,99.848449,1787200015.06,6,1000,2,1787200015.0,0
1,TSLA,99.85722,1787200015.07,7,1000,2,1787200015.0,0
1,TSLA,99.923816,1787200015.08,8,1000,2,1787200015.0,0
1,TSLA,99.982301,1787200015.09,9,1000,2,1787200015.0,0
1,TSLA,99.944078,1787200015.1,10,1000,2,1787200015.0,0
1,TSLA,99.931911,1787200015.11,11,1000,2,1787200015.0,0
1,TSLA,99.935741,1787200015.12,12,1000,2,1787200015.0,0
1,TSLA,99.926386,1787200015.13,13,1000,2,1787200015.0,0
1,TSLA,100.024652,1787200015.14,14,1000,2,1787200015.0,0
1,TSLA,99.985612,1787200015.15,15,1000,2,1787200015.0,0
1,TSLA,99.976152,1787200015.16,16,1000,2,1787200015.0,0
1,TSLA,100.027409,1787200015.17,17,1000,2,1787200015.0,0
1,TSLA,100.029247,1787200015.18,18,1000,2,1787200015.0,0
1,TSLA,100.034467,1787200015.19,19,1000,2,1787200015.0,0
1,TSLA,100.04931,1787200015.2,20,1000,2,1787200015.0,0
1,TSLA,100.009284,1787200015.21,21,1000,2,1787200015.0,0
1,TSLA,99.96876,1787200015.22,22,1000,2,1787200015.0,0
1,TSLA,99.958381,1787200015.23,23,1000,2,1787200015.0,0
1,TSLA,99.884224,1787200015.24,24,1000,2,1787200015.0,0
1,TSLA,99.789288,1787200015.25,25,1000,2,1787200015.0,0
1,TSLA,99.824809,1787200015.26,26,1000,2,1787200015.0,0
1,TSLA,99.860761,1787200015.27,27,1000,2,1787200015.0,0
1,TSLA,99.818822,1787200015.28,28,1000,2,1787200015.0,0
1,TSLA,99.782344,1787200015.29,29,1000,2,1787200015.0,0
1,TSLA,99.725235,1787200015.3,30,1000,2,1787200015.0,0
1,TSLA,99.787635,1787200015.31,31,1000,2,1787200015.0,0
1,TSLA,99.697234,1787200015.32,32,1000,2,1787200015.0,0
1,TSLA,99.726804,1787200015.33,33,1000,2,1787200015.0,0
1,TSLA,99.706949,1787200015.34,34,1000,2,1787200015.0,0
1,TSLA,99.69853,1787200015.35,35,1000,2,1787200015.0,0
1,TSLA,99.699744,1787200015.36,36,1000,2,1787200015.0,0
1,TSLA,99.707939,1787200015.37,37,1000,2,1787200015.0,0
1,TSLA,99.752613,1787200015.38,38,1000,2,1787200015.0,0
1,TSLA,99.688762,1787200015.39,39,1000,2,1787200015.0,0
1,TSLA,99.601908,1787200015.4,40,1000,2,1787200015.0,0
1,TSLA,99.573357,1787200015.41,41,1000,2,1787200015.0,0
1,TSLA,99.555036,1787200015.42,42,1000,2,1787200015.0,0
1,TSLA,99.471285,1787200015.43,43,1000,2,1787200015.0,0
1,TSLA,99.453624,1787200015.44,44,1000,2,1787200015.0,0
1,TSLA,99.411506,1787200015.45,45,1000,2,1787200015.0,0
1,TSLA,99.34302,1787200015.46,46,1000,2,1787200015.0,0
1,TSLA,99.411,1787200015.47,47,1000,2,1787200015.0,0
1,TSLA,99.438048,1787200015.48,48,1000,2,1787200015.0,0
1,TSLA,99.481991,1787200015.49,49,1000,2,1787200015.0,0
1,TSLA,99.540182,1787200015.5,50,1000,2,1787200015.0,0
1,TSLA,99.540068,1787200015.51,51,1000,2,1787200015.0,0
1,TSLA,99.601794,1787200015.52,52,1000,2,1787200015.0,0
1,TSLA,99.659844,1787200015.53,53,1000,2,1787200015.0,0
1,TSLA,99.673819,1787200015.54,54,1000,2,1787200015.0,0
1,TSLA,99.682209,1787200015.55,55,1000,2,1787200015.0,0
1,TSLA,99.72122,1787200015.56,56,1000,2,1787200015.0,0
1,TSLA,99.772154,1787200015.57,57,1000,2,1787200015.0,0
1,TSLA,99.762789,1787200015.58,58,1000,2,1787200015.0,0
1,TSLA,99.796604,1787200015.59,59,1000,2,1787200015.0,0
1,TSLA,99.702374,1787200015.6,60,1000,2,1787200015.0,0
1,TSLA,99.727727,1787200015.61,61,1000,2,1787200015.0,0
1,TSLA,99.747128,1787200015.62,62,1000,2,1787200015.0,0
1,TSLA,99.76107,1787200015.63,63,1000,2,1787200015.0,0
1,TSLA,99.82982,1787200015.64,64,1000,2,1787200015.0,0
1,TSLA,99.834098,1787200015.65,65,1000,2,1787200015.0,0
1,TSLA,99.84415,1787200015.66,66,1000,2,1787200015.0,0
1,TSLA,99.849301,1787200015.67,67,1000,2,1787200015.0,0
1,TSLA,99.860393,1787200015.68,68,1000,2,1787200015.0,0
1,TSLA,99.875369,1787200015.69,69,1000,2,1787200015.0,0
1,TSLA,99.861181,1787200015.7,70,1000,2,1787200015.0,0
1,TSLA,99.816158,1787200015.71,71,1000,2,1787200015.0,0
1,TSLA,99.832287,1787200015.72,72,1000,2,1787200015.0,0
1,TSLA,99.824359,1787200015.73,73,1000,2,1787200015.0,0
1,TSLA,99.845693,1787200015.74,74,1000,2,1787200015.0,0
1,TSLA,99.850607,1787200015.75,75,1000,2,1787200015.0,0
1,TSLA,99.849985,1787200015.76,76,1000,2,1787200015.0,0
1,TSLA,99.890212,1787200015.77,77,1000,2,1787200015.0,0
1,TSLA,99.871994,1787200015.78,78,1000,2,1787200015.0,0
1,TSLA,99.864544,1787200015.79,79,1000,2,1787200015.0,0
1,TSLA,99.886977,1787200015.8,80,1000,2,1787200015.0,0
1,TSLA,99.850311,1787200015.81,81,1000,2,1787200015.0,0
1,TSLA,99.802392,1787200015.82,82,1000,2,1787200015.0,0
1,TSLA,99.870229,1787200015.83,83,1000,2,1787200015.0,0
1,TSLA,99.818481,1787200015.84,84,1000,2,1787200015.0,0
1,TSLA,99.895552,1787200015.85,85,1000,2,1787200015.0,0
1,TSLA,99.905665,1787200015.86,86,1000,2,1787200015.0,0
1,TSLA,99.949115,1787200015.87,87,1000,2,1787200015.0,0
1,TSLA,99.956045,1787200015.88,88,1000,2,1787200015.0,0
1,TSLA,99.911202,1787200015.89,89,1000,2,1787200015.0,0
1,TSLA,99.904961,1787200015.9,90,1000,2,1787200015.0,0
1,TSLA,99.949775,1787200015.91,91,1000,2,1787200015.0,0
1,TSLA,99.968959,1787200015.92,92,1000,2,1787200015.0,0
1,TSLA,99.90896,1787200015.93,93,1000,2,1787200015.0,0
1,TSLA,99.978381,1787200015.94,94,1000,2,1787200015.0,0
1,TSLA,99.912531,1787200015.95,95,1000,2,1787200015.0,0
1,TSLA,99.848299,1787200015.96,96,1000,2,1787200015.0,0
1,TSLA,99.836242,1787200015.97,97,1000,2,1787200015.0,0
1,TSLA,99.900057,1787200015.98,98,1000,2,1787200015.0,0
1,TSLA,99.86829,1787200015.99,99,1000,2,1787200015.0,0
1,NVDA,100.00425,1787200015.0,0,1000,2,1787200015.0,0
1,NVDA,100.001825,1787200015.01,1,1000,2,1787200015.0,0
1,NVDA,100.021886,1787200015.02,2,1000,2,1787200015.0,0
1,NVDA,99.969731,1787200015.03,3,1000,2,1787200015.0,0
1,NVDA,99.931261,1787200015.04,4,1000,2,1787200015.0,0
1,NVDA,99.905059,1787200015.05,5,1000,2,1787200015.0,0
1,NVDA,99.939561,1787200015.06,6,1000,2,1787200015.0,0
1,NVDA,99.93937,1787200015.07,7,1000,2,1787200015.0,0
1,NVDA,99.935362,1787200015.08,8,1000,2,1787200015.0,0
1,NVDA,99.948127,1787200015.09,9,1000,2,1787200015.0,0
1,NVDA,99.893608,1787200015.1,10,1000,2,1787200015.0,0
1,NVDA,99.793633,1787200015.11,11,1000,2,1787200015.0,0
1,NVDA,99.773558,1787200015.12,12,1000,2,1787200015.0,0
1,NVDA,99.771459,1787200015.13,13,1000,2,1787200015.0,0
1,NVDA,99.797013,1787200015.14,14,1000,2,1787200015.0,0
1,NVDA,99.802038,1787200015.15,15,1000,2,1787200015.0,0
1,NVDA,99.835736,1787200015.16,16,1000,2,1787200015.0,0
1,NVDA,99.844378,1787200015.17,17,1000,2,1787200015.0,0
1,NVDA,99.788201,1787200015.18,18,1000,2,1787200015.0,0
1,NVDA,99.653458,1787200015.19,19,1000,2,1787200015.0,0
1,NVDA,99.68348,1787200015.2,20,1000,2,1787200015.0,0
1,NVDA,99.783089,1787200015.21,21,1000,2,1787200015.0,0
1,NVDA,99.759829,1787200015.22,22,1000,2,1787200015.0,0
1,NVDA,99.786636,1787200015.23,23,1000,2,1787200015.0,0
1,NVDA,99.852895,1787200015.24,24,1000,2,1787200015.0,0
1,NVDA,99.850384,1787200015.25,25,1000,2,1787200015.0,0
1,NVDA,99.843865,1787200015.26,26,1000,2,1787200015.0,0
1,NVDA,99.906199,1787200015.27,27,1000,2,1787200015.0,0
1,NVDA,99.895984,1787200015.28,28,1000,2,1787200015.0,0
1,NVDA,99.886289,1787200015.29,29,1000,2,1787200015.0,0
1,NVDA,99.897149,1787200015.3,30,1000,2,1787200015.0,0
1,NVDA,99.918249,1787200015.31,31,1000,2,1787200015.0,0
1,NVDA,99.898454,1787200015.32,32,1000,2,1787200015.0,0
1,NVDA,99.937186,1787200015.33,33,1000,2,1787200015.0,0
1,NVDA,99.915964,1787200015.34,34,1000,2,1787200015.0,0
1,NVDA,100.016265,1787200015.35,35,1000,2,1787200015.0,0
1,NVDA,100.030293,1787200015.36,36,1000,2,1787200015.0,0
1,NVDA,100.019049,1787200015.37,37,1000,2,1787200015.0,0
1,NVDA,100.092934,1787200015.38,38,1000,2,1787200015.0,0
1,NVDA,100.088763,1787200015.39,39,1000,2,1787200015.0,0
1,NVDA,100.180957,1787200015.4,40,1000,2,1787200015.0,0
1,NVDA,100.21106,1787200015.41,41,1000,2,1787200015.0,0
1,NVDA,100.254621,1787200015.42,42,1000,2,1787200015.0,0
1,NVDA,100.253029,1787200015.43,43,1000,2,1787200015.0,0
1,NVDA,100.22789,1787200015.44,44,1000,2,1787200015.0,0
1,NVDA,100.21955,1787200015.45,45,1000,2,1787200015.0,0
1,NVDA,100.18551,1787200015.46,46,1000,2,1787200015.0,0
1,NVDA,100.190891,1787200015.47,47,1000,2,1787200015.0,0
1,NVDA,100.157382,1787200015.48,48,1000,2,1787200015.0,0
1,NVDA,100.126747,1787200015.49,49,1000,2,1787200015.0,0
1,NVDA,100.14516,1787200015.5,50,1000,2,1787200015.0,0
1,NVDA,100.184317,1787200015.51,51,1000,2,1787200015.0,0
1,NVDA,100.112151,1787200015.52,52,1000,2,1787200015.0,0
1,NVDA,100.154501,1787200015.53,53,1000,2,1787200015.0,0
1,NVDA,100.109049,1787200015.54,54,1000,2,1787200015.0,0
1,NVDA,100.021334,1787200015.55,55,1000,2,1787200015.0,0
1,NVDA,99.990104,1787200015.56,56,1000,2,1787200015.0,0
1,NVDA,100.046644,1787200015.57,57,1000,2,1787200015.0,0
1,NVDA,100.033453,1787200015.58,58,1000,2,1787200015.0,0
1,NVDA,100.114035,1787200015.59,59,1000,2,1787200015.0,0
1,NVDA,100.076899,1787200015.6,60,1000,2,1787200015.0,0
1,NVDA,100.064913,1787200015.61,61,1000,2,1787200015.0,0
1,NVDA,100.023723,1787200015.62,62,1000,2,1787200015.0,0
1,NVDA,99.984204,1787200015.63,63,1000,2,1787200015.0,0
1,NVDA,100.007926,1787200015.64,64,1000,2,1787200015.0,0
1,NVDA,99.946576,1787200015.65,65,1000,2,1787200015.0,0
1,NVDA,99.95387,1787200015.66,66,1000,2,1787200015.0,0
1,NVDA,99.892161,1787200015.67,67,1000,2,1787200015.0,0
1,NVDA,99.889036,1787200015.68,68,1000,2,1787200015.0,0
1,NVDA,99.831354,1787200015.69,69,1000,2,1787200015.0,0
1,NVDA,99.855874,1787200015.7,70,1000,2,1787200015.0,0
1,NVDA,99.931986,1787200015.71,71,1000,2,1787200015.0,0
1,NVDA,99.977197,1787200015.72,72,1000,2,1787200015.0,0
1,NVDA,99.903512,1787200015.73,73,1000,2,1787200015.0,0
1,NVDA,99.909335,1787200015.74,74,1000,2,1787200015.0,0
1,NVDA,99.990697,1787200015.75,75,1000,2,1787200015.0,0
1,NVDA,100.050833,1787200015.76,76,1000,2,1787200015.0,0
1,NVDA,100.066795,1787200015.77,77,1000,2,1787200015.0,0
1,NVDA,100.093408,1787200015.78,78,1000,2,1787200015.0,0
1,NVDA,100.1258,1787200015.79,79,1000,2,1787200015.0,0
1,NVDA,100.108893,1787200015.8,80,1000,2,1787200015.0,0
1,NVDA,100.117648,1787200015.81,81,1000,2,1787200015.0,0
1,NVDA,100.100723,1787200015.82,82,1000,2,1787200015.0,0
1,NVDA,100.026929,1787200015.83,83,1000,2,1787200015.0,0
1,NVDA,100.085104,1787200015.84,84,1000,2,1787200015.0,0
1,NVDA,100.152966,1787200015.85,85,1000,2,1787200015.0,0
1,NVDA,100.090841,1787200015.86,86,1000,2,1787200015.0,0
1,NVDA,100.164001,1787200015.87,87,1000,2,1787200015.0,0
1,NVDA,100.187715,1787200015.88,88,1000,2,1787200015.0,0
1,NVDA,100.169583,1787200015.89,89,1000,2,1787200015.0,0
1,NVDA,100.162598,1787200015.9,90,1000,2,1787200015.0,0
1,NVDA,100.176211,1787200015.91,91,1000,2,1787200015.0,0
1,NVDA,100.220751,1787200015.92,92,1000,2,1787200015.0,0
1,NVDA,100.226111,1787200015.93,93,1000,2,1787200015.0,0
1,NVDA,100.246748,1787200015.94,94,1000,2,1787200015.0,0
1,NVDA,100.326634,1787200015.95,95,1000,2,1787200015.0,0
1,NVDA,100.302174,1787200015.96,96,1000,2,1787200015.0,0
1,NVDA,100.241317,1787200015.97,97,1000,2,1787200015.0,0
1,NVDA,100.227008,1787200015.98,98,1000,2,1787200015.0,0
1,NVDA,100.250065,1787200015.99,99,1000,2,1787200015.0,0
2,AAPL,99.991286,1787200000.005,0,1000,0,1787200000.0,1
2,INTC,100.017955,1787200000.005,0,1000,1,1787200000.0,1
2,MSFT,100.050935,1787200000.005,0,1000,0,1787200000.0,1
2,AAPL,99.991842,1787200000.015,1,1000,0,1787200000.0,1
2,INTC,99.994785,1787200000.015,1,1000,1,1787200000.0,1
2,MSFT,100.061607,1787200000.015,1,1000,0,1787200000.0,1
2,AAPL,100.052554,1787200000.025,2,1000,0,1787200000.0,1
2,INTC,99.945248,1787200000.025,2,1000,1,1787200000.0,1
2,MSFT,100.082931,1787200000.025,2,1000,0,1787200000.0,1
2,AAPL,100.091553,1787200000.035,3,1000,0,1787200000.0,1
2,INTC,99.96575,1787200000.035,3,1000,1,1787200000.0,1
2,MSFT,100.103839,1787200000.035,3,1000,0,1787200000.0,1
2,AAPL,100.041722,1787200000.045,4,1000,0,1787200000.0,1
2,INTC,99.924664,1787200000.045,4,1000,1,1787200000.0,1
2,MSFT,100.168639,1787200000.045,4,1000,0,1787200000.0,1
2,AAPL,100.016314,1787200000.055,5,1000,0,1787200000.0,1
2,INTC,100.007439,1787200000.055,5,1000,1,1787200000.0,1
2,MSFT,100.100917,1787200000.055,5,1000,0,1787200000.0,1
2,AAPL,100.019049,1787200000.065,6,1000,0,1787200000.0,1
2,INTC,99.989516,1787200000.065,6,1000,1,1787200000.0,1
2,MSFT,100.101576,1787200000.065,6,1000,0,1787200000.0,1
2,AAPL,100.008383,1787200000.075,7,1000,0,1787200000.0,1
2,INTC,100.053952,1787200000.075,7,1000,1,1787200000.0,1
2,MSFT,100.104671,1787200000.075,7,1000,0,1787200000.0,1
2,AAPL,99.954777,1787200000.085,8,1000,0,1787200000.0,1
2,INTC,99.970925,1787200000.085,8,1000,1,1787200000.0,1
2,MSFT,100.028367,1787200000.085,8,1000,0,1787200000.0,1
2,AAPL,99.94028,1787200000.095,9,1000,0,1787200000.0,1
2,INTC,99.936502,1787200000.095,9,1000,1,1787200000.0,1
2,MSFT,100.001896,1787200000.095,9,1000,0,1787200000.0,1
2,AAPL,99.957194,1787200000.105,10,1000,0,1787200000.0,1
2,INTC,99.980012,1787200000.105,10,1000,1,1787200000.0,1
2,MSFT,99.976279,1787200000.105,10,1000,0,1787200000.0,1
2,AAPL,99.98363,1787200000.115,11,1000,0,1787200000.0,1
2,INTC,99.896066,1787200000.115,11,1000,1,1787200000.0,1
2,MSFT,100.064879,1787200000.115,11,1000,0,1787200000.0,1
2,AAPL,100.001175,1787200000.125,12,1000,0,1787200000.0,1
2,INTC,99.864468,1787200000.125,12,1000,1,1787200000.0,1
2,MSFT,100.054549,1787200000.125,12,1000,0,1787200000.0,1
2,AAPL,100.073443,1787200000.135,13,1000,0,1787200000.0,1
2,INTC,99.839363,1787200000.135,13,1000,1,1787200000.0,1
2,MSFT,100.073778,1787200000.135,13,1000,0,1787200000.0,1
2,AAPL,100.062304,1787200000.145,14,1000,0,1787200000.0,1
2,INTC,99.797078,1787200000.145,14,1000,1,1787200000.0,1
2,MSFT,100.067239,1787200000.145,14,1000,0,1787200000.0,1
2,AAPL,100.195403,1787200000.155,15,1000,0,1787200000.0,1
2,INTC,99.816292,1787200000.155,15,1000,1,1787200000.0,1
2,MSFT,100.072556,1787200000.155,15,1000,0,1787200000.0,1
2,AAPL,100.175401,1787200000.165,16,1000,0,1787200000.0,1
2,INTC,99.816457,1787200000.165,16,1000,1,1787200000.0,1
2,MSFT,100.103135,1787200000.165,16,1000,0,1787200000.0,1
2,AAPL,100.181903,1787200000.175,17,1000,0,1787200000.0,1
2,INTC,99.774273,1787200000.175,17,1000,1,1787200000.0,1
2,MSFT,100.108769,1787200000.175,17,1000,0,1787200000.0,1
2,AAPL,100.175489,1787200000.185,18,1000,0,1787200000.0,1
2,INTC,99.784299,1787200000.185,18,1000,1,1787200000.0,1
2,MSFT,100.101724,1787200000.185,18,1000,0,1787200000.0,1
2,AAPL,100.123217,1787200000.195,19,1000,0,1787200000.0,1
2,INTC,99.798175,1787200000.195,19,1000,1,1787200000.0,1
2,MSFT,100.170832,1787200000.195,19,1000,0,1787200000.0,1
2,AAPL,100.070923,1787200000.205,20,1000,0,1787200000.0,1
2,INTC,99.824222,1787200000.205,20,1000,1,1787200000.0,1
2,MSFT,100.25588,1787200000.205,20,1000,0,1787200000.0,1
2,AAPL,100.020743,1787200000.215,21,1000,0,1787200000.0,1
2,INTC,99.845329,1787200000.215,21,1000,1,1787200000.0,1
2,MSFT,100.231617,1787200000.215,21,1000,0,1787200000.0,1
2,AAPL,99.932989,1787200000.225,22,1000,0,1787200000.0,1
2,INTC,99.854199,1787200000.225,22,1000,1,1787200000.0,1
2,MSFT,100.293752,1787200000.225,22,1000,0,1787200000.0,1
2,AAPL,99.945592,1787200000.235,23,1000,0,1787200000.0,1
2,INTC,99.846506,1787200000.235,23,1000,1,1787200000.0,1
2,MSFT,100.290372,1787200000.235,23,1000,0,1787200000.0,1
2,AAPL,99.940746,1787200000.245,24,1000,0,1787200000.0,1
2,INTC,99.902391,1787200000.245,24,1000,1,1787200000.0,1
2,MSFT,100.296874,1787200000.245,24,1000,0,1787200000.0,1
2,AAPL,99.956718,1787200000.255,25,1000,0,1787200000.0,1
2,INTC,99.889731,1787200000.255,25,1000,1,1787200000.0,1
2,MSFT,100.326488,1787200000.255,25,1000,0,1787200000.0,1
2,AAPL,99.907802,1787200000.265,26,1000,0,1787200000.0,1
2,INTC,99.781725,1787200000.265,26,1000,1,1787200000.0,1
2,MSFT,100.300723,1787200000.265,26,1000,0,1787200000.0,1
2,AAPL,99.853884,1787200000.275,27,1000,0,1787200000.0,1
2,INTC,99.785513,1787200000.275,27,1000,1,1787200000.0,1
2,MSFT,100.365839,1787200000.275,27,1000,0,1787200000.0,1
2,AAPL,99.815645,1787200000.285,28,1000,0,1787200000.0,1
2,INTC,99.732464,1787200000.285,28,1000,1,1787200000.0,1
2,MSFT,100.41716,1787200000.285,28,1000,0,1787200000.0,1
2,AAPL,99.858672,1787200000.295,29,1000,0,1787200000.0,1
2,INTC,99.795375,1787200000.295,29,1000,1,1787200000.0,1
2,MSFT,100.473354,1787200000.295,29,1000,0,1787200000.0,1
2,AAPL,99.858577,1787200000.305,30,1000,0,1787200000.0,1
2,INTC,99.810333,1787200000.305,30,1000,1,1787200000.0,1
2,MSFT,100.474036,1787200000.305,30,1000,0,1787200000.0,1
2,AAPL,99.872887,1787200000.315,31,1000,0,1787200000.0,1
2,INTC,99.840854,1787200000.315,31,1000,1,1787200000.0,1
2,MSFT,100.513924,1787200000.315,31,1000,0,1787200000.0,1
2,AAPL,99.846813,1787200000.325,32,1000,0,1787200000.0,1
2,INTC,99.809554,1787200000.325,32,1000,1,1787200000.0,1
2,MSFT,100.414799,1787200000.325,32,1000,0,1787200000.0,1
2,AAPL,99.844009,1787200000.335,33,1000,0,1787200000.0,1
2,INTC,99.78311,1787200000.335,33,1000,1,1787200000.0,1
2,MSFT,100.363982,1787200000.335,33,1000,0,1787200000.0,1
2,AAPL,99.864467,1787200000.345,34,1000,0,1787200000.0,1
2,INTC,99.828476,1787200000.345,34,1000,1,1787200000.0,1
2,MSFT,100.321759,1787200000.345,34,1000,0,1787200000.0,1
2,AAPL,99.846538,1787200000.355,35,1000,0,1787200000.0,1
2,INTC,99.733106,1787200000.355,35,1000,1,1787200000.0,1
2,MSFT,100.317691,1787200000.355,35,1000,0,1787200000.0,1
2,AAPL,99.783911,1787200000.365,36,1000,0,1787200000.0,1
2,INTC,99.753077,1787200000.365,36,1000,1,1787200000.0,1
2,MSFT,100.363928,1787200000.365,36,1000,0,1787200000.0,1
2,AAPL,99.789431,1787200000.375,37,1000,0,1787200000.0,1
2,INTC,99.827982,1787200000.375,37,1000,1,1787200000.0,1
2,MSFT,100.395511,1787200000.375,37,1000,0,1787200000.0,1
2,AAPL,99.795894,1787200000.385,38,1000,0,1787200000.0,1
2,INTC,99.810943,1787200000.385,38,1000,1,1787200000.0,1
2,MSFT,100.353146,1787200000.385,38,1000,0,1787200000.0,1
2,AAPL,99.75182,1787200000.395,39,1000,0,1787200000.0,1
2,INTC,99.812687,1787200000.395,39,1000,1,1787200000.0,1
2,MSFT,100.352356,1787200000.395,39,1000,0,1787200000.0,1
2,AAPL,99.774722,1787200000.405,40,1000,0,1787200000.0,1
2,INTC,99.880426,1787200000.405,40,1000,1,1787200000.0,1
2,MSFT,100.323379,1787200000.405,40,1000,0,1787200000.0,1
2,AAPL,99.761581,1787200000.415,41,1000,0,1787200000.0,1
2,INTC,99.850655,1787200000.415,41,1000,1,1787200000.0,1
2,MSFT,100.349109,1787200000.415,41,1000,0,1787200000.0,1
2,AAPL,99.763996,1787200000.425,42,1000,0,1787200000.0,1
2,INTC,99.856195,1787200000.425,42,1000,1,1787200000.0,1
2,MSFT,100.367203,1787200000.425,42,1000,0,1787200000.0,1
2,AAPL,99.833734,1787200000.435,43,1000,0,1787200000.0,1
2,INTC,99.948744,1787200000.435,43,1000,1,1787200000.0,1
2,MSFT,100.431223,1787200000.435,43,1000,0,1787200000.0,1
2,AAPL,99.919309,1787200000.445,44,1000,0,1787200000.0,1
2,INTC,99.964968,1787200000.445,44,1000,1,1787200000.0,1
2,MSFT,100.498212,1787200000.445,44,1000,0,1787200000.0,1
2,AAPL,99.910548,1787200000.455,45,1000,0,1787200000.0,1
2,INTC,99.970717,1787200000.455,45,1000,1,1787200000.0,1
2,MSFT,100.566861,1787200000.455,45,1000,0,1787200000.0,1
2,AAPL,99.989431,1787200000.465,46,1000,0,1787200000.0,1
2,INTC,99.959675,1787200000.465,46,1000,1,1787200000.0,1
2,MSFT,100.559613,1787200000.465,46,1000,0,1787200000.0,1
2,AAPL,99.956035,1787200000.475,47,1000,0,1787200000.0,1
2,INTC,99.952173,1787200000.475,47,1000,1,1787200000.0,1
2,MSFT,100.550397,1787200000.475,47,1000,0,1787200000.0,1
2,AAPL,99.911841,1787200000.485,48,1000,0,1787200000.0,1
2,INTC,99.984484,1787200000.485,48,1000,1,1787200000.0,1
2,MSFT,100.599085,1787200000.485,48,1000,0,1787200000.0,1
2,AAPL,99.917389,1787200000.495,49,1000,0,1787200000.0,1
2,INTC,100.061431,1787200000.495,49,1000,1,1787200000.0,1
2,MSFT,100.598632,1787200000.495,49,1000,0,1787200000.0,1
2,AAPL,99.879029,1787200000.505,50,1000,0,1787200000.0,1
2,INTC,100.092213,1787200000.505,50,1000,1,1787200000.0,1
2,MSFT,100.572507,1787200000.505,50,1000,0,1787200000.0,1
2,AAPL,99.927763,1787200000.515,51,1000,0,1787200000.0,1
2,INTC,100.117536,1787200000.515,51,1000,1,1787200000.0,1
2,MSFT,100.605541,1787200000.515,51,1000,0,1787200000.0,1
2,AAPL,99.868043,1787200000.525,52,1000,0,1787200000.0,1
2,INTC,100.088958,1787200000.525,52,1000,1,1787200000.0,1
2,MSFT,100.665869,1787200000.525,52,1000,0,1787200000.0,1
2,AAPL,99.800803,1787200000.535,53,1000,0,1787200000.0,1
2,INTC,100.078514,1787200000.535,53,1000,1,1787200000.0,1
2,MSFT,100.686088,1787200000.535,53,1000,0,1787200000.0,1
2,AAPL,99.746173,1787200000.545,54,1000,0,1787200000.0,1
2,INTC,100.018973,1787200000.545,54,1000,1,1787200000.0,1
2,MSFT,100.706491,1787200000.545,54,1000,0,1787200000.0,1
2,AAPL,99.725179,1787200000.555,55,1000,0,1787200000.0,1
2,INTC,100.008127,1787200000.555,55,1000,1,1787200000.0,1
2,MSFT,100.715043,1787200000.555,55,1000,0,1787200000.0,1
2,AAPL,99.706717,1787200000.565,56,1000,0,1787200000.0,1
2,INTC,99.931991,1787200000.565,56,1000,1,1787200000.0,1
2,MSFT,100.836724,1787200000.565,56,1000,0,1787200000.0,1
2,AAPL,99.663264,1787200000.575,57,1000,0,1787200000.0,1
2,INTC,99.936594,1787200000.575,57,1000,1,1787200000.0,1
2,MSFT,100.907946,1787200000.575,57,1000,0,1787200000.0,1
2,AAPL,99.653406,1787200000.585,58,1000,0,1787200000.0,1
2,INTC,99.878722,1787200000.585,58,1000,1,1787200000.0,1
2,MSFT,100.874615,1787200000.585,58,1000,0,1787200000.0,1
2,AAPL,99.650874,1787200000.595,59,1000,0,1787200000.0,1
2,INTC,99.952935,1787200000.595,59,1000,1,1787200000.0,1
2,MSFT,100.882634,1787200000.595,59,1000,0,1787200000.0,1
2,AAPL,99.662768,1787200000.605,60,1000,0,1787200000.0,1
2,INTC,99.950857,1787200000.605,60,1000,1,1787200000.0,1
2,MSFT,100.946669,1787200000.605,60,1000,0,1787200000.0,1
2,AAPL,99.673653,1787200000.615,61,1000,0,1787200000.0,1
2,INTC,99.969053,1787200000.615,61,1000,1,1787200000.0,1
2,MSFT,100.910568,1787200000.615,61,1000,0,1787200000.0,1
2,AAPL,99.660827,1787200000.625,62,1000,0,1787200000.0,1
2,INTC,99.893612,1787200000.625,62,1000,1,1787200000.0,1
2,MSFT,100.917079,1787200000.625,62,1000,0,1787200000.0,1
2,AAPL,99.630294,1787200000.635,63,1000,0,1787200000.0,1
2,INTC,99.841851,1787200000.635,63,1000,1,1787200000.0,1
2,MSFT,100.977188,1787200000.635,63,1000,0,1787200000.0,1
2,AAPL,99.652854,1787200000.645,64,1000,0,1787200000.0,1
2,INTC,99.932096,1787200000.645,64,1000,1,1787200000.0,1
2,MSFT,101.002166,1787200000.645,64,1000,0,1787200000.0,1
2,AAPL,99.727113,1787200000.655,65,1000,0,1787200000.0,1
2,INTC,99.884444,1787200000.655,65,1000,1,1787200000.0,1
2,MSFT,101.009818,1787200000.655,65,1000,0,1787200000.0,1
2,AAPL,99.74957,1787200000.665,66,1000,0,1787200000.0,1
2,INTC,99.977007,1787200000.665,66,1000,1,1787200000.0,1
2,MSFT,100.926955,1787200000.665,66,1000,0,1787200000.0,1
2,AAPL,99.742045,1787200000.675,67,1000,0,1787200000.0,1
2,INTC,99.913488,1787200000.675,67,1000,1,1787200000.0,1
2,MSFT,100.894371,1787200000.675,67,1000,0,1787200000.0,1
2,AAPL,99.816838,1787200000.685,68,1000,0,1787200000.0,1
2,INTC,99.870451,1787200000.685,68,1000,1,1787200000.0,1
2,MSFT,100.938055,1787200000.685,68,1000,0,1787200000.0,1
2,AAPL,99.788012,1787200000.695,69,1000,0,1787200000.0,1
2,INTC,99.872252,1787200000.695,69,1000,1,1787200000.0,1
2,MSFT,100.956731,1787200000.695,69,1000,0,1787200000.0,1
2,AAPL,99.803297,1787200000.705,70,1000,0,1787200000.0,1
2,INTC,99.862,1787200000.705,70,1000,1,1787200000.0,1
2,MSFT,100.950199,1787200000.705,70,1000,0,1787200000.0,1
2,AAPL,99.899277,1787200000.715,71,1000,0,1787200000.0,1
2,INTC,99.755374,1787200000.715,71,1000,1,1787200000.0,1
2,MSFT,100.969861,1787200000.715,71,1000,0,1787200000.0,1
2,AAPL,99.91633,1787200000.725,72,1000,0,1787200000.0,1
2,INTC,99.777798,1787200000.725,72,1000,1,1787200000.0,1
2,MSFT,101.026577,1787200000.725,72,1000,0,1787200000.0,1
2,AAPL,99.874597,1787200000.735,73,1000,0,1787200000.0,1
2,INTC,99.753324,1787200000.735,73,1000,1,1787200000.0,1
2,MSFT,101.034611,1787200000.735,73,1000,0,1787200000.0,1
2,AAPL,99.947872,1787200000.745,74,1000,0,1787200000.0,1
2,INTC,99.745735,1787200000.745,74,1000,1,1787200000.0,1
2,MSFT,100.998529,1787200000.745,74,1000,0,1787200000.0,1
2,AAPL,99.831494,1787200000.755,75,1000,0,1787200000.0,1
2,INTC,99.759879,1787200000.755,75,1000,1,1787200000.0,1
2,MSFT,100.985858,1787200000.755,75,1000,0,1787200000.0,1
2,AAPL,99.858028,1787200000.765,76,1000,0,1787200000.0,1
2,INTC,99.793693,1787200000.765,76,1000,1,1787200000.0,1
2,MSFT,101.022522,1787200000.765,76,1000,0,1787200000.0,1
2,AAPL,99.867771,1787200000.775,77,1000,0,1787200000.0,1
2,INTC,99.76337,1787200000.775,77,1000,1,1787200000.0,1
2,MSFT,100.990411,1787200000.775,77,1000,0,1787200000.0,1
2,AAPL,99.891813,1787200000.785,78,1000,0,1787200000.0,1
2,INTC,99.798753,1787200000.785,78,1000,1,1787200000.0,1
2,MSFT,100.927396,1787200000.785,78,1000,0,1787200000.0,1
2,AAPL,99.844899,1787200000.795,79,1000,0,1787200000.0,1
2,INTC,99.957005,1787200000.795,79,1000,1,1787200000.0,1
2,MSFT,100.913546,1787200000.795,79,1000,0,1787200000.0,1
2,AAPL,99.910764,1787200000.805,80,1000,0,1787200000.0,1
2,INTC,99.94797,1787200000.805,80,1000,1,1787200000.0,1
2,MSFT,100.852191,1787200000.805,80,1000,0,1787200000.0,1
2,AAPL,99.886806,1787200000.815,81,1000,0,1787200000.0,1
2,INTC,99.9012,1787200000.815,81,1000,1,1787200000.0,1
2,MSFT,100.834847,1787200000.815,81,1000,0,1787200000.0,1
2,AAPL,99.944789,1787200000.825,82,1000,0,1787200000.0,1
2,INTC,99.937281,1787200000.825,82,1000,1,1787200000.0,1
2,MSFT,100.835962,1787200000.825,82,1000,0,1787200000.0,1
2,AAPL,99.926881,1787200000.835,83,1000,0,1787200000.0,1
2,INTC,100.020241,1787200000.835,83,1000,1,1787200000.0,1
2,MSFT,100.785907,1787200000.835,83,1000,0,1787200000.0,1
2,AAPL,99.949076,1787200000.845,84,1000,0,1787200000.0,1
2,INTC,100.015919,1787200000.845,84,1000,1,1787200000.0,1
2,MSFT,100.766825,1787200000.845,84,1000,0,1787200000.0,1
2,AAPL,99.916903,1787200000.855,85,1000,0,1787200000.0,1
2,INTC,100.042559,1787200000.855,85,1000,1,1787200000.0,1
2,MSFT,100.716968,1787200000.855,85,1000,0,1787200000.0,1
2,AAPL,99.946377,1787200000.865,86,1000,0,1787200000.0,1
2,INTC,100.058126,1787200000.865,86,1000,1,1787200000.0,1
2,MSFT,100.761596,1787200000.865,86,1000,0,1787200000.0,1
2,AAPL,99.89301,1787200000.875,87,1000,0,1787200000.0,1
2,INTC,100.045584,1787200000.875,87,1000,1,1787200000.0,1
2,MSFT,100.816519,1787200000.875,87,1000,0,1787200000.0,1
2,AAPL,99.927396,1787200000.885,88,1000,0,1787200000.0,1
2,INTC,100.038436,1787200000.885,88,1000,1,1787200000.0,1
2,MSFT,100.791814,1787200000.885,88,1000,0,1787200000.0,1
2,AAPL,99.934351,1787200000.895,89,1000,0,1787200000.0,1
2,INTC,100.123847,1787200000.895,89,1000,1,1787200000.0,1
2,MSFT,100.810527,1787200000.895,89,1000,0,1787200000.0,1
2,AAPL,99.934859,1787200000.905,90,1000,0,1787200000.0,1
2,INTC,100.144065,1787200000.905,90,1000,1,1787200000.0,1
2,MSFT,100.836908,1787200000.905,90,1000,0,1787200000.0,1
2,AAPL,99.919616,1787200000.915,91,1000,0,1787200000.0,1
2,INTC,100.032612,1787200000.915,91,1000,1,1787200000.0,1
2,MSFT,100.802664,1787200000.915,91,1000,0,1787200000.0,1
2,AAPL,100.001902,1787200000.925,92,1000,0,1787200000.0,1
2,INTC,100.054322,1787200000.925,92,1000,1,1787200000.0,1
2,MSFT,100.799574,1787200000.925,92,1000,0,1787200000.0,1
2,AAPL,99.967788,1787200000.935,93,1000,0,1787200000.0,1
2,INTC,100.086523,1787200000.935,93,1000,1,1787200000.0,1
2,MSFT,100.825478,1787200000.935,93,1000,0,1787200000.0,1
2,AAPL,99.959698,1787200000.945,94,1000,0,1787200000.0,1
2,INTC,100.140925,1787200000.945,94,1000,1,1787200000.0,1
2,MSFT,100.886357,1787200000.945,94,1000,0,1787200000.0,1
2,AAPL,99.960826,1787200000.955,95,1000,0,1787200000.0,1
2,INTC,100.140303,1787200000.955,95,1000,1,1787200000.0,1
2,MSFT,100.800805,1787200000.955,95,1000,0,1787200000.0,1
2,AAPL,99.932937,1787200000.965,96,1000,0,1787200000.0,1
2,INTC,100.063117,1787200000.965,96,1000,1,1787200000.0,1
2,MSFT,100.708552,1787200000.965,96,1000,0,1787200000.0,1
2,AAPL,99.835565,1787200000.975,97,1000,0,1787200000.0,1
2,INTC,100.098703,1787200000.975,97,1000,1,1787200000.0,1
2,MSFT,100.645905,1787200000.975,97,1000,0,1787200000.0,1
2,AAPL,99.757442,1787200000.985,98,1000,0,1787200000.0,1
2,INTC,100.130155,1787200000.985,98,1000,1,1787200000.0,1
2,MSFT,100.614128,1787200000.985,98,1000,0,1787200000.0,1
2,AAPL,99.756573,1787200000.995,99,1000,0,1787200000.0,1
2,INTC,100.160424,1787200000.995,99,1000,1,1787200000.0,1
2,MSFT,100.617273,1787200000.995,99,1000,0,1787200000.0,1
2,AAPL,99.729193,1787200001.005,100,1000,0,1787200001.0,1
2,INTC,100.197421,1787200001.005,100,1000,1,1787200001.0,1
2,MSFT,100.549656,1787200001.005,100,1000,0,1787200001.0,1
2,AAPL,99.700325,1787200001.015,101,1000,0,1787200001.0,1
2,INTC,100.23914,1787200001.015,101,1000,1,1787200001.0,1
2,MSFT,100.600443,1787200001.015,101,1000,0,1787200001.0,1
2,AAPL,99.711823,1787200001.025,102,1000,0,1787200001.0,1
2,INTC,100.220644,1787200001.025,102,1000,1,1787200001.0,1
2,MSFT,100.596489,1787200001.025,102,1000,0,1787200001.0,1
2,AAPL,99.704482,1787200001.035,103,1000,0,1787200001.0,1
2,INTC,100.159473,1787200001.035,103,1000,1,1787200001.0,1
2,MSFT,100.68178,1787200001.035,103,1000,0,1787200001.0,1
2,AAPL,99.774659,1787200001.045,104,1000,0,1787200001.0,1
2,INTC,100.241451,1787200001.045,104,1000,1,1787200001.0,1
2,MSFT,100.644184,1787200001.045,104,1000,0,1787200001.0,1
2,AAPL,99.768429,1787200001.055,105,1000,0,1787200001.0,1
2,INTC,100.302234,1787200001.055,105,1000,1,1787200001.0,1
2,MSFT,100.5889,1787200001.055,105,1000,0,1787200001.0,1
2,AAPL,99.76102,1787200001.065,106,1000,0,1787200001.0,1
2,INTC,100.390574,1787200001.065,106,1000,1,1787200001.0,1
2,MSFT,100.61406,1787200001.065,106,1000,0,1787200001.0,1
2,AAPL,99.803386,1787200001.075,107,1000,0,1787200001.0,1
2,INTC,100.350039,1787200001.075,107,1000,1,1787200001.0,1
2,MSFT,100.631695,1787200001.075,107,1000,0,1787200001.0,1
2,AAPL,99.856538,1787200001.085,108,1000,0,1787200001.0,1
2,INTC,100.302273,1787200001.085,108,1000,1,1787200001.0,1
2,MSFT,100.547746,1787200001.085,108,1000,0,1787200001.0,1
2,AAPL,99.820497,1787200001.095,109,1000,0,1787200001.0,1
2,INTC,100.315802,1787200001.095,109,1000,1,1787200001.0,1
2,MSFT,100.660161,1787200001.095,109,1000,0,1787200001.0,1
2,AAPL,99.736928,1787200001.105,110,1000,0,1787200001.0,1
2,INTC,100.396544,1787200001.105,110,1000,1,1787200001.0,1
2,MSFT,100.597575,1787200001.105,110,1000,0,1787200001.0,1
2,AAPL,99.695507,1787200001.115,111,1000,0,1787200001.0,1
2,INTC,100.376162,1787200001.115,111,1000,1,1787200001.0,1
2,MSFT,100.613881,1787200001.115,111,1000,0,1787200001.0,1
2,AAPL,99.689108,1787200001.125,112,1000,0,1787200001.0,1
2,INTC,100.399208,1787200001.125,112,1000,1,1787200001.0,1
2,MSFT,100.615688,1787200001.125,112,1000,0,1787200001.0,1
2,AAPL,99.739497,1787200001.135,113,1000,0,1787200001.0,1
2,INTC,100.4874,1787200001.135,113,1000,1,1787200001.0,1
2,MSFT,100.632516,1787200001.135,113,1000,0,1787200001.0,1
2,AAPL,99.756472,1787200001.145,114,1000,0,1787200001.0,1
2,INTC,100.419663,1787200001.145,114,1000,1,1787200001.0,1
2,MSFT,100.569964,1787200001.145,114,1000,0,1787200001.0,1
2,AAPL,99.767075,1787200001.155,115,1000,0,1787200001.0,1
2,INTC,100.449887,1787200001.155,115,1000,1,1787200001.0,1
2,MSFT,100.601965,1787200001.155,115,1000,0,1787200001.0,1
2,AAPL,99.771032,1787200001.165,116,1000,0,1787200001.0,1
2,INTC,100.44273,1787200001.165,116,1000,1,1787200001.0,1
2,MSFT,100.604132,1787200001.165,116,1000,0,1787200001.0,1
2,AAPL,99.808491,1787200001.175,117,1000,0,1787200001.0,1
2,INTC,100.406374,1787200001.175,117,1000,1,1787200001.0,1
2,MSFT,100.594097,1787200001.175,117,1000,0,1787200001.0,1
2,AAPL,99.862878,1787200001.185,118,1000,0,1787200001.0,1
2,INTC,100.447676,1787200001.185,118,1000,1,1787200001.0,1
2,MSFT,100.589808,1787200001.185,118,1000,0,1787200001.0,1
2,AAPL,99.829356,1787200001.195,119,1000,0,1787200001.0,1
2,INTC,100.458088,1787200001.195,119,1000,1,1787200001.0,1
2,MSFT,100.598663,1787200001.195,119,1000,0,1787200001.0,1
2,AAPL,99.818463,1787200001.205,120,1000,0,1787200001.0,1
2,INTC,100.521621,1787200001.205,120,1000,1,1787200001.0,1
2,MSFT,100.553272,1787200001.205,120,1000,0,1787200001.0,1
2,AAPL,99.930187,1787200001.215,121,1000,0,1787200001.0,1
2,INTC,100.556798,1787200001.215,121,1000,1,1787200001.0,1
2,MSFT,100.516236,1787200001.215,121,1000,0,1787200001.0,1
2,AAPL,99.807243,1787200001.225,122,1000,0,1787200001.0,1
2,INTC,100.680167,1787200001.225,122,1000,1,1787200001.0,1
2,MSFT,100.457026,1787200001.225,122,1000,0,1787200001.0,1
2,AAPL,99.88502,1787200001.235,123,1000,0,1787200001.0,1
2,INTC,100.653234,1787200001.235,123,1000,1,1787200001.0,1
2,MSFT,100.415362,1787200001.235,123,1000,0,1787200001.0,1
2,AAPL,99.815583,1787200001.245,124,1000,0,1787200001.0,1
2,INTC,100.693873,1787200001.245,124,1000,1,1787200001.0,1
2,MSFT,100.386228,1787200001.245,124,1000,0,1787200001.0,1
2,AAPL,99.751435,1787200001.255,125,1000,0,1787200001.0,1
2,INTC,100.632776,1787200001.255,125,1000,1,1787200001.0,1
2,MSFT,100.327068,1787200001.255,125,1000,0,1787200001.0,1
2,AAPL,99.800004,1787200001.265,126,1000,0,1787200001.0,1
2,INTC,100.578587,1787200001.265,126,1000,1,1787200001.0,1
2,MSFT,100.325644,1787200001.265,126,1000,0,1787200001.0,1
2,AAPL,99.760009,1787200001.275,127,1000,0,1787200001.0,1
2,INTC,100.578453,1787200001.275,127,1000,1,1787200001.0,1
2,MSFT,100.312752,1787200001.275,127,1000,0,1787200001.0,1
2,AAPL,99.773494,1787200001.285,128,1000,0,1787200001.0,1
2,INTC,100.576133,1787200001.285,128,1000,1,1787200001.0,1
2,MSFT,100.21837,1787200001.285,128,1000,0,1787200001.0,1
2,AAPL,99.81718,1787200001.295,129,1000,0,1787200001.0,1
2,INTC,100.520764,1787200001.295,129,1000,1,1787200001.0,1
2,MSFT,100.298118,1787200001.295,129,1000,0,1787200001.0,1
2,AAPL,99.750606,1787200001.305,130,1000,0,1787200001.0,1
2,INTC,100.572242,1787200001.305,130,1000,1,1787200001.0,1
2,MSFT,100.275611,1787200001.305,130,1000,0,1787200001.0,1
2,AAPL,99.658493,1787200001.315,131,1000,0,1787200001.0,1
2,INTC,100.578174,1787200001.315,131,1000,1,1787200001.0,1
2,MSFT,100.174129,1787200001.315,131,1000,0,1787200001.0,1
2,AAPL,99.555601,1787200001.325,132,1000,0,1787200001.0,1
2,INTC,100.636736,1787200001.325,132,1000,1,1787200001.0,1
2,MSFT,100.157507,1787200001.325,132,1000,0,1787200001.0,1
2,AAPL,99.541972,1787200001.335,133,1000,0,1787200001.0,1
2,INTC,100.660012,1787200001.335,133,1000,1,1787200001.0,1
2,MSFT,100.227718,1787200001.335,133,1000,0,1787200001.0,1
2,AAPL,99.50199,1787200001.345,134,1000,0,1787200001.0,1
2,INTC,100.645598,1787200001.345,134,1000,1,1787200001.0,1
2,MSFT,100.278066,1787200001.345,134,1000,0,1787200001.0,1
2,AAPL,99.556885,1787200001.355,135,1000,0,1787200001.0,1
2,INTC,100.569769,1787200001.355,135,1000,1,1787200001.0,1
2,MSFT,100.205346,1787200001.355,135,1000,0,1787200001.0,1
2,AAPL,99.526554,1787200001.365,136,1000,0,1787200001.0,1
2,INTC,100.664208,1787200001.365,136,1000,1,1787200001.0,1
2,MSFT,100.166426,1787200001.365,136,1000,0,1787200001.0,1
2,AAPL,99.597632,1787200001.375,137,1000,0,1787200001.0,1
2,INTC,100.726256,1787200001.375,137,1000,1,1787200001.0,1
2,MSFT,100.070983,1787200001.375,137,1000,0,1787200001.0,1
2,AAPL,99.633614,1787200001.385,138,1000,0,1787200001.0,1
2,INTC,100.675921,1787200001.385,138,1000,1,1787200001.0,1
2,MSFT,100.054912,1787200001.385,138,1000,0,1787200001.0,1
2,AAPL,99.55658,1787200001.395,139,1000,0,1787200001.0,1
2,INTC,100.812005,1787200001.395,139,1000,1,1787200001.0,1
2,MSFT,100.111883,1787200001.395,139,1000,0,1787200001.0,1
2,AAPL,99.517291,1787200001.405,140,1000,0,1787200001.0,1
2,INTC,100.827665,1787200001.405,140,1000,1,1787200001.0,1
2,MSFT,100.149689,1787200001.405,140,1000,0,1787200001.0,1
2,AAPL,99.582081,1787200001.415,141,1000,0,1787200001.0,1
2,INTC,100.825054,1787200001.415,141,1000,1,1787200001.0,1
2,MSFT,100.10469,1787200001.415,141,1000,0,1787200001.0,1
2,AAPL,99.645123,1787200001.425,142,1000,0,1787200001.0,1
2,INTC,100.769818,1787200001.425,142,1000,1,1787200001.0,1
2,MSFT,100.136305,1787200001.425,142,1000,0,1787200001.0,1
2,AAPL,99.59082,1787200001.435,143,1000,0,1787200001.0,1
2,INTC,100.794554,1787200001.435,143,1000,1,1787200001.0,1
2,MSFT,100.112571,1787200001.435,143,1000,0,1787200001.0,1
2,AAPL,99.53122,1787200001.445,144,1000,0,1787200001.0,1
2,INTC,100.796545,1787200001.445,144,1000,1,1787200001.0,1
2,MSFT,100.072839,1787200001.445,144,1000,0,1787200001.0,1
2,AAPL,99.583634,1787200001.455,145,1000,0,1787200001.0,1
2,INTC,100.827844,1787200001.455,145,1000,1,1787200001.0,1
2,MSFT,100.147153,1787200001.455,145,1000,0,1787200001.0,1
2,AAPL,99.530421,1787200001.465,146,1000,0,1787200001.0,1
2,INTC,100.874086,1787200001.465,146,1000,1,1787200001.0,1
2,MSFT,100.19114,1787200001.465,146,1000,0,1787200001.0,1
2,AAPL,99.473781,1787200001.475,147,1000,0,1787200001.0,1
2,INTC,100.957007,1787200001.475,147,1000,1,1787200001.0,1
2,MSFT,100.166963,1787200001.475,147,1000,0,1787200001.0,1
2,AAPL,99.425552,1787200001.485,148,1000,0,1787200001.0,1
2,INTC,101.002788,1787200001.485,148,1000,1,1787200001.0,1
2,MSFT,100.173631,1787200001.485,148,1000,0,1787200001.0,1
2,AAPL,99.430255,1787200001.495,149,1000,0,1787200001.0,1
2,INTC,100.97727,1787200001.495,149,1000,1,1787200001.0,1
2,MSFT,100.197834,1787200001.495,149,1000,0,1787200001.0,1
2,AAPL,99.389432,1787200001.505,150,1000,0,1787200001.0,1
2,INTC,100.984085,1787200001.505,150,1000,1,1787200001.0,1
2,MSFT,100.225176,1787200001.505,150,1000,0,1787200001.0,1
2,AAPL,99.421623,1787200001.515,151,1000,0,1787200001.0,1
2,INTC,101.006169,1787200001.515,151,1000,1,1787200001.0,1
2,MSFT,100.184492,1787200001.515,151,1000,0,1787200001.0,1
2,AAPL,99.417946,1787200001.525,152,1000,0,1787200001.0,1
2,INTC,100.936311,1787200001.525,152,1000,1,1787200001.0,1
2,MSFT,100.21144,1787200001.525,152,1000,0,1787200001.0,1
2,AAPL,99.471404,1787200001.535,153,1000,0,1787200001.0,1
2,INTC,100.921927,1787200001.535,153,1000,1,1787200001.0,1
2,MSFT,100.207837,1787200001.535,153,1000,0,1787200001.0,1
2,AAPL,99.533172,1787200001.545,154,1000,0,1787200001.0,1
2,INTC,100.96575,1787200001.545,154,1000,1,1787200001.0,1
2,MSFT,100.238472,1787200001.545,154,1000,0,1787200001.0,1
2,AAPL,99.660861,1787200001.555,155,1000,0,1787200001.0,1
2,INTC,100.911851,1787200001.555,155,1000,1,1787200001.0,1
2,MSFT,100.211629,1787200001.555,155,1000,0,1787200001.0,1
2,AAPL,99.626914,1787200001.565,156,1000,0,1787200001.0,1
2,INTC,100.867425,1787200001.565,156,1000,1,1787200001.0,1
2,MSFT,100.244008,1787200001.565,156,1000,0,1787200001.0,1
2,AAPL,99.758288,1787200001.575,157,1000,0,1787200001.0,1
2,INTC,100.881557,1787200001.575,157,1000,1,1787200001.0,1
2,MSFT,100.214247,1787200001.575,157,1000,0,1787200001.0,1
2,AAPL,99.737349,1787200001.585,158,1000,0,1787200001.0,1
2,INTC,100.890439,1787200001.585,158,1000,1,1787200001.0,1
2,MSFT,100.235642,1787200001.585,158,1000,0,1787200001.0,1
2,AAPL,99.739479,1787200001.595,159,1000,0,1787200001.0,1
2,INTC,100.889312,1787200001.595,159,1000,1,1787200001.0,1
2,MSFT,100.285276,1787200001.595,159,1000,0,1787200001.0,1
2,AAPL,99.803986,1787200001.605,160,1000,0,1787200001.0,1
2,INTC,100.991282,1787200001.605,160,1000,1,1787200001.0,1
2,MSFT,100.252505,1787200001.605,160,1000,0,1787200001.0,1
2,AAPL,99.743042,1787200001.615,161,1000,0,1787200001.0,1
2,INTC,101.035084,1787200001.615,161,1000,1,1787200001.0,1
2,MSFT,100.229351,1787200001.615,161,1000,0,1787200001.0,1
2,AAPL,99.712135,1787200001.625,162,1000,0,1787200001.0,1
2,INTC,100.969354,1787200001.625,162,1000,1,1787200001.0,1
2,MSFT,100.133985,1787200001.625,162,1000,0,1787200001.0,1
2,AAPL,99.830687,1787200001.635,163,1000,0,1787200001.0,1
2,INTC,100.84448,1787200001.635,163,1000,1,1787200001.0,1
2,MSFT,100.13958,1787200001.635,163,1000,0,1787200001.0,1
2,AAPL,99.747926,1787200001.645,164,1000,0,1787200001.0,1
2,INTC,100.783509,1787200001.645,164,1000,1,1787200001.0,1
2,MSFT,100.143233,1787200001.645,164,1000,0,1787200001.0,1
2,AAPL,99.751947,1787200001.655,165,1000,0,1787200001.0,1
2,INTC,100.788191,1787200001.655,165,1000,1,1787200001.0,1
2,MSFT,100.162196,1787200001.655,165,1000,0,1787200001.0,1
2,AAPL,99.796459,1787200001.665,166,1000,0,1787200001.0,1
2,INTC,100.755068,1787200001.665,166,1000,1,1787200001.0,1
2,MSFT,100.200983,1787200001.665,166,1000,0,1787200001.0,1
2,AAPL,99.71149,1787200001.675,167,1000,0,1787200001.0,1
2,INTC,100.785169,1787200001.675,167,1000,1,1787200001.0,1
2,MSFT,100.239896,1787200001.675,167,1000,0,1787200001.0,1
2,AAPL,99.675757,1787200001.685,168,1000,0,1787200001.0,1
2,INTC,100.86735,1787200001.685,168,1000,1,1787200001.0,1
2,MSFT,100.212848,1787200001.685,168,1000,0,1787200001.0,1
2,AAPL,99.676443,1787200001.695,169,1000,0,1787200001.0,1
2,INTC,100.817664,1787200001.695,169,1000,1,1787200001.0,1
2,MSFT,100.14461,1787200001.695,169,1000,0,1787200001.0,1
2,AAPL,99.58907,1787200001.705,170,1000,0,1787200001.0,1
2,INTC,100.82544,1787200001.705,170,1000,1,1787200001.0,1
2,MSFT,100.185143,1787200001.705,170,1000,0,1787200001.0,1
2,AAPL,99.557209,1787200001.715,171,1000,0,1787200001.0,1
2,INTC,100.789816,1787200001.715,171,1000,1,1787200001.0,1
2,MSFT,100.099151,1787200001.715,171,1000,0,1787200001.0,1
2,AAPL,99.687763,1787200001.725,172,1000,0,1787200001.0,1
2,INTC,100.798659,1787200001.725,172,1000,1,1787200001.0,1
2,MSFT,100.170847,1787200001.725,172,1000,0,1787200001.0,1
2,AAPL,99.743946,1787200001.735,173,1000,0,1787200001.0,1
2,INTC,100.798223,1787200001.735,173,1000,1,1787200001.0,1
2,MSFT,100.271595,1787200001.735,173,1000,0,1787200001.0,1
2,AAPL,99.763246,1787200001.745,174,1000,0,1787200001.0,1
2,INTC,100.763183,1787200001.745,174,1000,1,1787200001.0,1
2,MSFT,100.319108,1787200001.745,174,1000,0,1787200001.0,1
2,AAPL,99.761075,1787200001.755,175,1000,0,1787200001.0,1
2,INTC,100.746066,1787200001.755,175,1000,1,1787200001.0,1
2,MSFT,100.286644,1787200001.755,175,1000,0,1787200001.0,1
2,AAPL,99.779573,1787200001.765,176,1000,0,1787200001.0,1
2,INTC,100.76059,1787200001.765,176,1000,1,1787200001.0,1
2,MSFT,100.339034,1787200001.765,176,1000,0,1787200001.0,1
2,AAPL,99.705221,1787200001.775,177,1000,0,1787200001.0,1
2,INTC,100.809273,1787200001.775,177,1000,1,1787200001.0,1
2,MSFT,100.280368,1787200001.775,177,1000,0,1787200001.0,1
2,AAPL,99.65365,1787200001.785,178,1000,0,1787200001.0,1
2,INTC,100.821849,1787200001.785,178,1000,1,1787200001.0,1
2,MSFT,100.298673,1787200001.785,178,1000,0,1787200001.0,1
2,AAPL,99.639798,1787200001.795,179,1000,0,1787200001.0,1
2,INTC,100.796735,1787200001.795,179,1000,1,1787200001.0,1
2,MSFT,100.368329,1787200001.795,179,1000,0,1787200001.0,1
2,AAPL,99.590348,1787200001.805,180,1000,0,1787200001.0,1
2,INTC,100.907071,1787200001.805,180,1000,1,1787200001.0,1
2,MSFT,100.458033,1787200001.805,180,1000,0,1787200001.0,1
2,AAPL,99.548123,1787200001.815,181,1000,0,1787200001.0,1
2,INTC,100.905308,1787200001.815,181,1000,1,1787200001.0,1
2,MSFT,100.4529,1787200001.815,181,1000,0,1787200001.0,1
2,AAPL,99.536704,1787200001.825,182,1000,0,1787200001.0,1
2,INTC,100.856375,1787200001.825,182,1000,1,1787200001.0,1
2,MSFT,100.464845,1787200001.825,182,1000,0,1787200001.0,1
2,AAPL,99.49248,1787200001.835,183,1000,0,1787200001.0,1
2,INTC,100.82632,1787200001.835,183,1000,1,1787200001.0,1
2,MSFT,100.49123,1787200001.835,183,1000,0,1787200001.0,1
2,AAPL,99.49588,1787200001.845,184,1000,0,1787200001.0,1
2,INTC,100.792167,1787200001.845,184,1000,1,1787200001.0,1
2,MSFT,100.55498,1787200001.845,184,1000,0,1787200001.0,1
2,AAPL,99.527015,1787200001.855,185,1000,0,1787200001.0,1
2,INTC,100.80527,1787200001.855,185,1000,1,1787200001.0,1
2,MSFT,100.511915,1787200001.855,185,1000,0,1787200001.0,1
2,AAPL,99.440128,1787200001.865,186,1000,0,1787200001.0,1
2,INTC,100.881651,1787200001.865,186,1000,1,1787200001.0,1
2,MSFT,100.420559,1787200001.865,186,1000,0,1787200001.0,1
2,AAPL,99.469958,1787200001.875,187,1000,0,1787200001.0,1
2,INTC,100.902641,1787200001.875,187,1000,1,1787200001.0,1
2,MSFT,100.489099,1787200001.875,187,1000,0,1787200001.0,1
2,AAPL,99.466546,1787200001.885,188,1000,0,1787200001.0,1
2,INTC,100.864325,1787200001.885,188,1000,1,1787200001.0,1
2,MSFT,100.483703,1787200001.885,188,1000,0,1787200001.0,1
2,AAPL,99.460852,1787200001.895,189,1000,0,1787200001.0,1
2,INTC,100.91397,1787200001.895,189,1000,1,1787200001.0,1
2,MSFT,100.399589,1787200001.895,189,1000,0,1787200001.0,1
2,AAPL,99.465684,1787200001.905,190,1000,0,1787200001.0,1
2,INTC,100.943298,1787200001.905,190,1000,1,1787200001.0,1
2,MSFT,100.523355,1787200001.905,190,1000,0,1787200001.0,1
2,AAPL,99.517912,1787200001.915,191,1000,0,1787200001.0,1
2,INTC,100.97419,1787200001.915,191,1000,1,1787200001.0,1
2,MSFT,100.552331,1787200001.915,191,1000,0,1787200001.0,1
2,AAPL,99.46971,1787200001.925,192,1000,0,1787200001.0,1
2,INTC,101.046173,1787200001.925,192,1000,1,1787200001.0,1
2,MSFT,100.486475,1787200001.925,192,1000,0,1787200001.0,1
2,AAPL,99.554439,1787200001.935,193,1000,0,1787200001.0,1
2,INTC,100.99846,1787200001.935,193,1000,1,1787200001.0,1
2,MSFT,100.420145,1787200001.935,193,1000,0,1787200001.0,1
2,AAPL,99.459388,1787200001.945,194,1000,0,1787200001.0,1
2,INTC,101.036831,1787200001.945,194,1000,1,1787200001.0,1
2,MSFT,100.512835,1787200001.945,194,1000,0,1787200001.0,1
2,AAPL,99.432281,1787200001.955,195,1000,0,1787200001.0,1
2,INTC,101.101541,1787200001.955,195,1000,1,1787200001.0,1
2,MSFT,100.595752,1787200001.955,195,1000,0,1787200001.0,1
2,AAPL,99.405465,1787200001.965,196,1000,0,1787200001.0,1
2,INTC,101.141197,1787200001.965,196,1000,1,1787200001.0,1
2,MSFT,100.605222,1787200001.965,196,1000,0,1787200001.0,1
2,AAPL,99.359239,1787200001.975,197,1000,0,1787200001.0,1
2,INTC,101.132134,1787200001.975,197,1000,1,1787200001.0,1
2,MSFT,100.588521,1787200001.975,197,1000,0,1787200001.0,1
2,AAPL,99.218703,1787200001.985,198,1000,0,1787200001.0,1
2,INTC,101.178213,1787200001.985,198,1000,1,1787200001.0,1
2,MSFT,100.513573,1787200001.985,198,1000,0,1787200001.0,1
2,AAPL,99.234773,1787200001.995,199,1000,0,1787200001.0,1
2,INTC,101.183261,1787200001.995,199,1000,1,1787200001.0,1
2,MSFT,100.539829,1787200001.995,199,1000,0,1787200001.0,1
2,AAPL,99.21914,1787200002.005,200,1000,0,1787200002.0,1
2,INTC,101.209792,1787200002.005,200,1000,1,1787200002.0,1
2,MSFT,100.550177,1787200002.005,200,1000,0,1787200002.0,1
2,AAPL,99.216336,1787200002.015,201,1000,0,1787200002.0,1
2,INTC,101.229057,1787200002.015,201,1000,1,1787200002.0,1
2,MSFT,100.461246,1787200002.015,201,1000,0,1787200002.0,1
2,AAPL,99.203668,1787200002.025,202,1000,0,1787200002.0,1
2,INTC,101.193658,1787200002.025,202,1000,1,1787200002.0,1
2,MSFT,100.398972,1787200002.025,202,1000,0,1787200002.0,1
2,AAPL,99.251094,1787200002.035,203,1000,0,1787200002.0,1
2,INTC,101.135189,1787200002.035,203,1000,1,1787200002.0,1
2,MSFT,100.356086,1787200002.035,203,1000,0,1787200002.0,1
2,AAPL,99.277191,1787200002.045,204,1000,0,1787200002.0,1
2,INTC,101.168043,1787200002.045,204,1000,1,1787200002.0,1
2,MSFT,100.286969,1787200002.045,204,1000,0,1787200002.0,1
2,AAPL,99.293892,1787200002.055,205,1000,0,1787200002.0,1
2,INTC,101.128905,1787200002.055,205,1000,1,1787200002.0,1
2,MSFT,100.31084,1787200002.055,205,1000,0,1787200002.0,1
2,AAPL,99.306995,1787200002.065,206,1000,0,1787200002.0,1
2,INTC,101.122748,1787200002.065,206,1000,1,1787200002.0,1
2,MSFT,100.332851,1787200002.065,206,1000,0,1787200002.0,1
2,AAPL,99.384543,1787200002.075,207,1000,0,1787200002.0,1
2,INTC,101.180985,1787200002.075,207,1000,1,1787200002.0,1
2,MSFT,100.395843,1787200002.075,207,1000,0,1787200002.0,1
2,AAPL,99.317958,1787200002.085,208,1000,0,1787200002.0,1
2,INTC,101.156688,1787200002.085,208,1000,1,1787200002.0,1
2,MSFT,100.366061,1787200002.085,208,1000,0,1787200002.0,1
2,AAPL,99.31824,1787200002.095,209,1000,0,1787200002.0,1
2,INTC,101.176495,1787200002.095,209,1000,1,1787200002.0,1
2,MSFT,100.448636,1787200002.095,209,1000,0,1787200002.0,1
2,AAPL,99.308902,1787200002.105,210,1000,0,1787200002.0,1
2,INTC,101.054067,1787200002.105,210,1000,1,1787200002.0,1
2,MSFT,100.518849,1787200002.105,210,1000,0,1787200002.0,1
2,AAPL,99.280639,1787200002.115,211,1000,0,1787200002.0,1
2,INTC,101.152059,1787200002.115,211,1000,1,1787200002.0,1
2,MSFT,100.530982,1787200002.115,211,1000,0,1787200002.0,1
2,AAPL,99.290824,1787200002.125,212,1000,0,1787200002.0,1
2,INTC,101.115711,1787200002.125,212,1000,1,1787200002.0,1
2,MSFT,100.643065,1787200002.125,212,1000,0,1787200002.0,1
2,AAPL,99.317575,1787200002.135,213,1000,0,1787200002.0,1
2,INTC,101.170876,1787200002.135,213,1000,1,1787200002.0,1
2,MSFT,100.688337,1787200002.135,213,1000,0,1787200002.0,1
2,AAPL,99.348714,1787200002.145,214,1000,0,1787200002.0,1
2,INTC,101.158922,1787200002.145,214,1000,1,1787200002.0,1
2,MSFT,100.672793,1787200002.145,214,1000,0,1787200002.0,1
2,AAPL,99.319856,1787200002.155,215,1000,0,1787200002.0,1
2,INTC,101.136741,1787200002.155,215,1000,1,1787200002.0,1
2,MSFT,100.666926,1787200002.155,215,1000,0,1787200002.0,1
2,AAPL,99.387985,1787200002.165,216,1000,0,1787200002.0,1
2,INTC,101.030921,1787200002.165,216,1000,1,1787200002.0,1
2,MSFT,100.634265,1787200002.165,216,1000,0,1787200002.0,1
2,AAPL,99.327617,1787200002.175,217,1000,0,1787200002.0,1
2,INTC,101.09972,1787200002.175,217,1000,1,1787200002.0,1
2,MSFT,100.654972,1787200002.175,217,1000,0,1787200002.0,1
2,AAPL,99.371979,1787200002.185,218,1000,0,1787200002.0,1
2,INTC,100.999304,1787200002.185,218,1000,1,1787200002.0,1
2,MSFT,100.763001,1787200002.185,218,1000,0,1787200002.0,1
2,AAPL,99.3893,1787200002.195,219,1000,0,1787200002.0,1
2,INTC,100.949578,1787200002.195,219,1000,1,1787200002.0,1
2,MSFT,100.7956,1787200002.195,219,1000,0,1787200002.0,1
2,AAPL,99.336734,1787200002.205,220,1000,0,1787200002.0,1
2,INTC,101.014516,1787200002.205,220,1000,1,1787200002.0,1
2,MSFT,100.848188,1787200002.205,220,1000,0,1787200002.0,1
2,AAPL,99.374822,1787200002.215,221,1000,0,1787200002.0,1
2,INTC,101.014478,1787200002.215,221,1000,1,1787200002.0,1
2,MSFT,100.881883,1787200002.215,221,1000,0,1787200002.0,1
2,AAPL,99.359107,1787200002.225,222,1000,0,1787200002.0,1
2,INTC,100.981214,1787200002.225,222,1000,1,1787200002.0,1
2,MSFT,100.866471,1787200002.225,222,1000,0,1787200002.0,1
2,AAPL,99.326717,1787200002.235,223,1000,0,1787200002.0,1
2,INTC,101.019038,1787200002.235,223,1000,1,1787200002.0,1
2,MSFT,100.868779,1787200002.235,223,1000,0,1787200002.0,1
2,AAPL,99.357368,1787200002.245,224,1000,0,1787200002.0,1
2,INTC,101.015336,1787200002.245,224,1000,1,1787200002.0,1
2,MSFT,100.86535,1787200002.245,224,1000,0,1787200002.0,1
2,AAPL,99.385183,1787200002.255,225,1000,0,1787200002.0,1
2,INTC,101.048124,1787200002.255,225,1000,1,1787200002.0,1
2,MSFT,100.94092,1787200002.255,225,1000,0,1787200002.0,1
2,AAPL,99.353124,1787200002.265,226,1000,0,1787200002.0,1
2,INTC,100.978412,1787200002.265,226,1000,1,1787200002.0,1
2,MSFT,100.914069,1787200002.265,226,1000,0,1787200002.0,1
2,AAPL,99.393728,1787200002.275,227,1000,0,1787200002.0,1
2,INTC,100.998755,1787200002.275,227,1000,1,1787200002.0,1
2,MSFT,100.888582,1787200002.275,227,1000,0,1787200002.0,1
2,AAPL,99.430534,1787200002.285,228,1000,0,1787200002.0,1
2,INTC,101.020275,1787200002.285,228,1000,1,1787200002.0,1
2,MSFT,100.997687,1787200002.285,228,1000,0,1787200002.0,1
2,AAPL,99.492436,1787200002.295,229,1000,0,1787200002.0,1
2,INTC,100.951746,1787200002.295,229,1000,1,1787200002.0,1
2,MSFT,101.073171,1787200002.295,229,1000,0,1787200002.0,1
2,AAPL,99.517922,1787200002.305,230,1000,0,1787200002.0,1
2,INTC,100.889481,1787200002.305,230,1000,1,1787200002.0,1
2,MSFT,101.109705,1787200002.305,230,1000,0,1787200002.0,1
2,AAPL,99.503442,1787200002.315,231,1000,0,1787200002.0,1
2,INTC,100.939229,1787200002.315,231,1000,1,1787200002.0,1
2,MSFT,101.167113,1787200002.315,231,1000,0,1787200002.0,1
2,AAPL,99.535734,1787200002.325,232,1000,0,1787200002.0,1
2,INTC,101.04271,1787200002.325,232,1000,1,1787200002.0,1
2,MSFT,101.235143,1787200002.325,232,1000,0,1787200002.0,1
2,AAPL,99.553145,1787200002.335,233,1000,0,1787200002.0,1
2,INTC,101.03019,1787200002.335,233,1000,1,1787200002.0,1
2,MSFT,101.250559,1787200002.335,233,1000,0,1787200002.0,1
2,AAPL,99.561892,1787200002.345,234,1000,0,1787200002.0,1
2,INTC,101.029867,1787200002.345,234,1000,1,1787200002.0,1
2,MSFT,101.254544,1787200002.345,234,1000,0,1787200002.0,1
2,AAPL,99.533011,1787200002.355,235,1000,0,1787200002.0,1
2,INTC,100.960537,1787200002.355,235,1000,1,1787200002.0,1
2,MSFT,101.319711,1787200002.355,235,1000,0,1787200002.0,1
2,AAPL,99.529287,1787200002.365,236,1000,0,1787200002.0,1
2,INTC,100.942241,1787200002.365,236,1000,1,1787200002.0,1
2,MSFT,101.372129,1787200002.365,236,1000,0,1787200002.0,1
2,AAPL,99.497627,1787200002.375,237,1000,0,1787200002.0,1
2,INTC,100.995336,1787200002.375,237,1000,1,1787200002.0,1
2,MSFT,101.419222,1787200002.375,237,1000,0,1787200002.0,1
2,AAPL,99.487718,1787200002.385,238,1000,0,1787200002.0,1
2,INTC,100.903307,1787200002.385,238,1000,1,1787200002.0,1
2,MSFT,101.461414,1787200002.385,238,1000,0,1787200002.0,1
2,AAPL,99.553381,1787200002.395,239,1000,0,1787200002.0,1
2,INTC,100.818401,1787200002.395,239,1000,1,1787200002.0,1
2,MSFT,101.46337,1787200002.395,239,1000,0,1787200002.0,1
2,AAPL,99.51143,1787200002.405,240,1000,0,1787200002.0,1
2,INTC,100.793769,1787200002.405,240,1000,1,1787200002.0,1
2,MSFT,101.463321,1787200002.405,240,1000,0,1787200002.0,1
2,AAPL,99.555762,1787200002.415,241,1000,0,1787200002.0,1
2,INTC,100.908008,1787200002.415,241,1000,1,1787200002.0,1
2,MSFT,101.429103,1787200002.415,241,1000,0,1787200002.0,1
2,AAPL,99.533333,1787200002.425,242,1000,0,1787200002.0,1
2,INTC,100.93236,1787200002.425,242,1000,1,1787200002.0,1
2,MSFT,101.42998,1787200002.425,242,1000,0,1787200002.0,1
2,AAPL,99.537089,1787200002.435,243,1000,0,1787200002.0,1
2,INTC,100.899942,1787200002.435,243,1000,1,1787200002.0,1
2,MSFT,101.448354,1787200002.435,243,1000,0,1787200002.0,1
2,AAPL,99.417188,1787200002.445,244,1000,0,1787200002.0,1
2,INTC,100.856865,1787200002.445,244,1000,1,1787200002.0,1
2,MSFT,101.473215,1787200002.445,244,1000,0,1787200002.0,1
2,AAPL,99.361168,1787200002.455,245,1000,0,1787200002.0,1
2,INTC,100.849768,1787200002.455,245,1000,1,1787200002.0,1
2,MSFT,101.432022,1787200002.455,245,1000,0,1787200002.0,1
2,AAPL,99.368222,1787200002.465,246,1000,0,1787200002.0,1
2,INTC,100.844179,1787200002.465,246,1000,1,1787200002.0,1
2,MSFT,101.44608,1787200002.465,246,1000,0,1787200002.0,1
2,AAPL,99.314067,1787200002.475,247,1000,0,1787200002.0,1
2,INTC,100.8743,1787200002.475,247,1000,1,1787200002.0,1
2,MSFT,101.438783,1787200002.475,247,1000,0,1787200002.0,1
2,AAPL,99.389234,1787200002.485,248,1000,0,1787200002.0,1
2,INTC,100.863265,1787200002.485,248,1000,1,1787200002.0,1
2,MSFT,101.442627,1787200002.485,248,1000,0,1787200002.0,1
2,AAPL,99.478352,1787200002.495,249,1000,0,1787200002.0,1
2,INTC,100.865477,1787200002.495,249,1000,1,1787200002.0,1
2,MSFT,101.39622,1787200002.495,249,1000,0,1787200002.0,1
2,AAPL,99.483393,1787200002.505,250,1000,0,1787200002.0,1
2,INTC,100.856932,1787200002.505,250,1000,1,1787200002.0,1
2,MSFT,101.492665,1787200002.505,250,1000,0,1787200002.0,1
2,AAPL,99.442985,1787200002.515,251,1000,0,1787200002.0,1
2,INTC,100.862825,1787200002.515,251,1000,1,1787200002.0,1
2,MSFT,101.466669,1787200002.515,251,1000,0,1787200002.0,1
2,AAPL,99.552178,1787200002.525,252,1000,0,1787200002.0,1
2,INTC,100.825476,1787200002.525,252,1000,1,1787200002.0,1
2,MSFT,101.420565,1787200002.525,252,1000,0,1787200002.0,1
2,AAPL,99.508716,1787200002.535,253,1000,0,1787200002.0,1
2,INTC,100.787789,1787200002.535,253,1000,1,1787200002.0,1
2,MSFT,101.352497,1787200002.535,253,1000,0,1787200002.0,1
2,AAPL,99.541103,1787200002.545,254,1000,0,1787200002.0,1
2,INTC,100.694908,1787200002.545,254,1000,1,1787200002.0,1
2,MSFT,101.336146,1787200002.545,254,1000,0,1787200002.0,1
2,AAPL,99.586649,1787200002.555,255,1000,0,1787200002.0,1
2,INTC,100.682384,1787200002.555,255,1000,1,1787200002.0,1
2,MSFT,101.279229,1787200002.555,255,1000,0,1787200002.0,1
2,AAPL,99.483629,1787200002.565,256,1000,0,1787200002.0,1
2,INTC,100.618094,1787200002.565,256,1000,1,1787200002.0,1
2,MSFT,101.236086,1787200002.565,256,1000,0,1787200002.0,1
2,AAPL,99.520667,1787200002.575,257,1000,0,1787200002.0,1
2,INTC,100.597097,1787200002.575,257,1000,1,1787200002.0,1
2,MSFT,101.16893,1787200002.575,257,1000,0,1787200002.0,1
2,AAPL,99.615266,1787200002.585,258,1000,0,1787200002.0,1
2,INTC,100.634183,1787200002.585,258,1000,1,1787200002.0,1
2,MSFT,101.210695,1787200002.585,258,1000,0,1787200002.0,1
2,AAPL,99.57556,1787200002.595,259,1000,0,1787200002.0,1
2,INTC,100.576634,1787200002.595,259,1000,1,1787200002.0,1
2,MSFT,101.217215,1787200002.595,259,1000,0,1787200002.0,1
2,AAPL,99.566654,1787200002.605,260,1000,0,1787200002.0,1
2,INTC,100.603043,1787200002.605,260,1000,1,1787200002.0,1
2,MSFT,101.227295,1787200002.605,260,1000,0,1787200002.0,1
2,AAPL,99.512076,1787200002.615,261,1000,0,1787200002.0,1
2,INTC,100.59299,1787200002.615,261,1000,1,1787200002.0,1
2,MSFT,101.130278,1787200002.615,261,1000,0,1787200002.0,1
2,AAPL,99.588077,1787200002.625,262,1000,0,1787200002.0,1
2,INTC,100.567426,1787200002.625,262,1000,1,1787200002.0,1
2,MSFT,101.101619,1787200002.625,262,1000,0,1787200002.0,1
2,AAPL,99.586881,1787200002.635,263,1000,0,1787200002.0,1
2,INTC,100.628129,1787200002.635,263,1000,1,1787200002.0,1
2,MSFT,101.131727,1787200002.635,263,1000,0,1787200002.0,1
2,AAPL,99.547256,1787200002.645,264,1000,0,1787200002.0,1
2,INTC,100.606044,1787200002.645,264,1000,1,1787200002.0,1
2,MSFT,101.17841,1787200002.645,264,1000,0,1787200002.0,1
2,AAPL,99.596467,1787200002.655,265,1000,0,1787200002.0,1
2,INTC,100.547579,1787200002.655,265,1000,1,1787200002.0,1
2,MSFT,101.200949,1787200002.655,265,1000,0,1787200002.0,1
2,AAPL,99.543276,1787200002.665,266,1000,0,1787200002.0,1
2,INTC,100.543598,1787200002.665,266,1000,1,1787200002.0,1
2,MSFT,101.18316,1787200002.665,266,1000,0,1787200002.0,1
2,AAPL,99.610374,1787200002.675,267,1000,0,1787200002.0,1
2,INTC,100.522782,1787200002.675,267,1000,1,1787200002.0,1
2,MSFT,101.19998,1787200002.675,267,1000,0,1787200002.0,1
2,AAPL,99.651032,1787200002.685,268,1000,0,1787200002.0,1
2,INTC,100.467844,1787200002.685,268,1000,1,1787200002.0,1
2,MSFT,101.191917,1787200002.685,268,1000,0,1787200002.0,1
2,AAPL,99.638484,1787200002.695,269,1000,0,1787200002.0,1
2,INTC,100.522249,1787200002.695,269,1000,1,1787200002.0,1
2,MSFT,101.182327,1787200002.695,269,1000,0,1787200002.0,1
2,AAPL,99.592245,1787200002.705,270,1000,0,1787200002.0,1
2,INTC,100.605363,1787200002.705,270,1000,1,1787200002.0,1
2,MSFT,101.182437,1787200002.705,270,1000,0,1787200002.0,1
2,AAPL,99.588006,1787200002.715,271,1000,0,1787200002.0,1
2,INTC,100.554661,1787200002.715,271,1000,1,1787200002.0,1
2,MSFT,101.217133,1787200002.715,271,1000,0,1787200002.0,1
2,AAPL,99.632003,1787200002.725,272,1000,0,1787200002.0,1
2,INTC,100.560048,1787200002.725,272,1000,1,1787200002.0,1
2,MSFT,101.267979,1787200002.725,272,1000,0,1787200002.0,1
2,AAPL,99.585887,1787200002.735,273,1000,0,1787200002.0,1
2,INTC,100.528212,1787200002.735,273,1000,1,1787200002.0,1
2,MSFT,101.305448,1787200002.735,273,1000,0,1787200002.0,1
2,AAPL,99.593984,1787200002.745,274,1000,0,1787200002.0,1
2,INTC,100.504405,1787200002.745,274,1000,1,1787200002.0,1
2,MSFT,101.308912,1787200002.745,274,1000,0,1787200002.0,1
2,AAPL,99.560745,1787200002.755,275,1000,0,1787200002.0,1
2,INTC,100.498598,1787200002.755,275,1000,1,1787200002.0,1
2,MSFT,101.28457,1787200002.755,275,1000,0,1787200002.0,1
2,AAPL,99.547859,1787200002.765,276,1000,0,1787200002.0,1
2,INTC,100.599493,1787200002.765,276,1000,1,1787200002.0,1
2,MSFT,101.370169,1787200002.765,276,1000,0,1787200002.0,1
2,AAPL,99.559241,1787200002.775,277,1000,0,1787200002.0,1
2,INTC,100.703858,1787200002.775,277,1000,1,1787200002.0,1
2,MSFT,101.3146,1787200002.775,277,1000,0,1787200002.0,1
2,AAPL,99.545424,1787200002.785,278,1000,0,1787200002.0,1
2,INTC,100.790963,1787200002.785,278,1000,1,1787200002.0,1
2,MSFT,101.312776,1787200002.785,278,1000,0,1787200002.0,1
2,AAPL,99.573713,1787200002.795,279,1000,0,1787200002.0,1
2,INTC,100.809349,1787200002.795,279,1000,1,1787200002.0,1
2,MSFT,101.330861,1787200002.795,279,1000,0,1787200002.0,1
2,AAPL,99.611676,1787200002.805,280,1000,0,1787200002.0,1
2,INTC,100.897398,1787200002.805,280,1000,1,1787200002.0,1
2,MSFT,101.390643,1787200002.805,280,1000,0,1787200002.0,1
2,AAPL,99.646595,1787200002.815,281,1000,0,1787200002.0,1
2,INTC,100.938162,1787200002.815,281,1000,1,1787200002.0,1
2,MSFT,101.338773,1787200002.815,281,1000,0,1787200002.0,1
2,AAPL,99.650881,1787200002.825,282,1000,0,1787200002.0,1
2,INTC,100.805668,1787200002.825,282,1000,1,1787200002.0,1
2,MSFT,101.295644,1787200002.825,282,1000,0,1787200002.0,1
2,AAPL,99.588347,1787200002.835,283,1000,0,1787200002.0,1
2,INTC,100.796161,1787200002.835,283,1000,1,1787200002.0,1
2,MSFT,101.254397,1787200002.835,283,1000,0,1787200002.0,1
2,AAPL,99.589409,1787200002.845,284,1000,0,1787200002.0,1
2,INTC,100.849359,1787200002.845,284,1000,1,1787200002.0,1
2,MSFT,101.204194,1787200002.845,284,1000,0,1787200002.0,1
2,AAPL,99.62337,1787200002.855,285,1000,0,1787200002.0,1
2,INTC,100.978869,1787200002.855,285,1000,1,1787200002.0,1
2,MSFT,101.282679,1787200002.855,285,1000,0,1787200002.0,1
2,AAPL,99.674343,1787200002.865,286,1000,0,1787200002.0,1
2,INTC,100.989961,1787200002.865,286,1000,1,1787200002.0,1
2,MSFT,101.246785,1787200002.865,286,1000,0,1787200002.0,1
2,AAPL,99.627827,1787200002.875,287,1000,0,1787200002.0,1
2,INTC,100.9599,1787200002.875,287,1000,1,1787200002.0,1
2,MSFT,101.198046,1787200002.875,287,1000,0,1787200002.0,1
2,AAPL,99.584764,1787200002.885,288,1000,0,1787200002.0,1
2,INTC,100.928493,1787200002.885,288,1000,1,1787200002.0,1
2,MSFT,101.175671,1787200002.885,288,1000,0,1787200002.0,1
2,AAPL,99.570373,1787200002.895,289,1000,0,1787200002.0,1
2,INTC,100.974327,1787200002.895,289,1000,1,1787200002.0,1
2,MSFT,101.225081,1787200002.895,289,1000,0,1787200002.0,1
2,AAPL,99.590681,1787200002.905,290,1000,0,1787200002.0,1
2,INTC,101.0012,1787200002.905,290,1000,1,1787200002.0,1
2,MSFT,101.17126,1787200002.905,290,1000,0,1787200002.0,1
2,AAPL,99.593887,1787200002.915,291,1000,0,1787200002.0,1
2,INTC,100.937101,1787200002.915,291,1000,1,1787200002.0,1
2,MSFT,101.162215,1787200002.915,291,1000,0,1787200002.0,1
2,AAPL,99.622406,1787200002.925,292,1000,0,1787200002.0,1
2,INTC,100.894215,1787200002.925,292,1000,1,1787200002.0,1
2,MSFT,101.246142,1787200002.925,292,1000,0,1787200002.0,1
2,AAPL,99.601746,1787200002.935,293,1000,0,1787200002.0,1
2,INTC,100.891217,1787200002.935,293,1000,1,1787200002.0,1
2,MSFT,101.179137,1787200002.935,293,1000,0,1787200002.0,1
2,AAPL,99.580851,1787200002.945,294,1000,0,1787200002.0,1
2,INTC,100.97471,1787200002.945,294,1000,1,1787200002.0,1
2,MSFT,101.214711,1787200002.945,294,1000,0,1787200002.0,1
2,AAPL,99.572671,1787200002.955,295,1000,0,1787200002.0,1
2,INTC,100.97685,1787200002.955,295,1000,1,1787200002.0,1
2,MSFT,101.225805,1787200002.955,295,1000,0,1787200002.0,1
2,AAPL,99.546323,1787200002.965,296,1000,0,1787200002.0,1
2,INTC,101.062974,1787200002.965,296,1000,1,1787200002.0,1
2,MSFT,101.241962,1787200002.965,296,1000,0,1787200002.0,1
2,AAPL,99.554519,1787200002.975,297,1000,0,1787200002.0,1
2,INTC,101.050485,1787200002.975,297,1000,1,1787200002.0,1
2,MSFT,101.217031,1787200002.975,297,1000,0,1787200002.0,1
2,AAPL,99.523852,1787200002.985,298,1000,0,1787200002.0,1
2,INTC,101.107221,1787200002.985,298,1000,1,1787200002.0,1
2,MSFT,101.213244,1787200002.985,298,1000,0,1787200002.0,1
2,AAPL,99.558033,1787200002.995,299,1000,0,1787200002.0,1
2,INTC,101.117921,1787200002.995,299,1000,1,1787200002.0,1
2,MSFT,101.297237,1787200002.995,299,1000,0,1787200002.0,1
2,AAPL,99.506334,1787200003.005,300,1000,0,1787200003.0,1
2,INTC,101.15168,1787200003.005,300,1000,1,1787200003.0,1
2,MSFT,101.282579,1787200003.005,300,1000,0,1787200003.0,1
2,AAPL,99.395123,1787200003.015,301,1000,0,1787200003.0,1
2,INTC,101.098805,1787200003.015,301,1000,1,1787200003.0,1
2,MSFT,101.348694,1787200003.015,301,1000,0,1787200003.0,1
2,AAPL,99.392801,1787200003.025,302,1000,0,1787200003.0,1
2,INTC,101.042101,1787200003.025,302,1000,1,1787200003.0,1
2,MSFT,101.355958,1787200003.025,302,1000,0,1787200003.0,1
2,AAPL,99.365953,1787200003.035,303,1000,0,1787200003.0,1
2,INTC,101.062395,1787200003.035,303,1000,1,1787200003.0,1
2,MSFT,101.281855,1787200003.035,303,1000,0,1787200003.0,1
2,AAPL,99.338676,1787200003.045,304,1000,0,1787200003.0,1
2,INTC,101.158243,1787200003.045,304,1000,1,1787200003.0,1
2,MSFT,101.235462,1787200003.045,304,1000,0,1787200003.0,1
2,AAPL,99.283499,1787200003.055,305,1000,0,1787200003.0,1
2,INTC,101.102555,1787200003.055,305,1000,1,1787200003.0,1
2,MSFT,101.304947,1787200003.055,305,1000,0,1787200003.0,1
2,AAPL,99.272008,1787200003.065,306,1000,0,1787200003.0,1
2,INTC,101.061338,1787200003.065,306,1000,1,1787200003.0,1
2,MSFT,101.276302,1787200003.065,306,1000,0,1787200003.0,1
2,AAPL,99.228048,1787200003.075,307,1000,0,1787200003.0,1
2,INTC,101.130499,1787200003.075,307,1000,1,1787200003.0,1
2,MSFT,101.377577,1787200003.075,307,1000,0,1787200003.0,1
2,AAPL,99.182139,1787200003.085,308,1000,0,1787200003.0,1
2,INTC,101.127687,1787200003.085,308,1000,1,1787200003.0,1
2,MSFT,101.344038,1787200003.085,308,1000,0,1787200003.0,1
2,AAPL,99.174095,1787200003.095,309,1000,0,1787200003.0,1
2,INTC,101.046131,1787200003.095,309,1000,1,1787200003.0,1
2,MSFT,101.339786,1787200003.095,309,1000,0,1787200003.0,1
2,AAPL,99.105064,1787200003.105,310,1000,0,1787200003.0,1
2,INTC,101.05617,1787200003.105,310,1000,1,1787200003.0,1
2,MSFT,101.233669,1787200003.105,310,1000,0,1787200003.0,1
2,AAPL,99.077532,1787200003.115,311,1000,0,1787200003.0,1
2,INTC,101.01577,1787200003.115,311,1000,1,1787200003.0,1
2,MSFT,101.228566,1787200003.115,311,1000,0,1787200003.0,1
2,AAPL,99.115774,1787200003.125,312,1000,0,1787200003.0,1
2,INTC,100.947674,1787200003.125,312,1000,1,1787200003.0,1
2,MSFT,101.29104,1787200003.125,312,1000,0,1787200003.0,1
2,AAPL,99.145341,1787200003.135,313,1000,0,1787200003.0,1
2,INTC,100.979652,1787200003.135,313,1000,1,1787200003.0,1
2,MSFT,101.262767,1787200003.135,313,1000,0,1787200003.0,1
2,AAPL,99.170038,1787200003.145,314,1000,0,1787200003.0,1
2,INTC,100.946688,1787200003.145,314,1000,1,1787200003.0,1
2,MSFT,101.344998,1787200003.145,314,1000,0,1787200003.0,1
2,AAPL,99.141388,1787200003.155,315,1000,0,1787200003.0,1
2,INTC,100.870736,1787200003.155,315,1000,1,1787200003.0,1
2,MSFT,101.258634,1787200003.155,315,1000,0,1787200003.0,1
2,AAPL,99.116748,1787200003.165,316,1000,0,1787200003.0,1
2,INTC,100.84687,1787200003.165,316,1000,1,1787200003.0,1
2,MSFT,101.297626,1787200003.165,316,1000,0,1787200003.0,1
2,AAPL,99.138675,1787200003.175,317,1000,0,1787200003.0,1
2,INTC,100.851275,1787200003.175,317,1000,1,1787200003.0,1
2,MSFT,101.265118,1787200003.175,317,1000,0,1787200003.0,1
2,AAPL,99.073584,1787200003.185,318,1000,0,1787200003.0,1
2,INTC,100.849331,1787200003.185,318,1000,1,1787200003.0,1
2,MSFT,101.316247,1787200003.185,318,1000,0,1787200003.0,1
2,AAPL,99.032818,1787200003.195,319,1000,0,1787200003.0,1
2,INTC,100.81368,1787200003.195,319,1000,1,1787200003.0,1
2,MSFT,101.338853,1787200003.195,319,1000,0,1787200003.0,1
2,AAPL,98.965241,1787200003.205,320,1000,0,1787200003.0,1
2,INTC,100.933784,1787200003.205,320,1000,1,1787200003.0,1
2,MSFT,101.337387,1787200003.205,320,1000,0,1787200003.0,1
2,AAPL,98.980084,1787200003.215,321,1000,0,1787200003.0,1
2,INTC,100.937923,1787200003.215,321,1000,1,1787200003.0,1
2,MSFT,101.368924,1787200003.215,321,1000,0,1787200003.0,1
2,AAPL,99.013797,1787200003.225,322,1000,0,1787200003.0,1
2,INTC,100.986528,1787200003.225,322,1000,1,1787200003.0,1
2,MSFT,101.362098,1787200003.225,322,1000,0,1787200003.0,1
2,AAPL,99.062086,1787200003.235,323,1000,0,1787200003.0,1
2,INTC,100.97358,1787200003.235,323,1000,1,1787200003.0,1
2,MSFT,101.429218,1787200003.235,323,1000,0,1787200003.0,1
2,AAPL,99.049519,1787200003.245,324,1000,0,1787200003.0,1
2,INTC,100.959232,1787200003.245,324,1000,1,1787200003.0,1
2,MSFT,101.430248,1787200003.245,324,1000,0,1787200003.0,1
2,AAPL,99.169516,1787200003.255,325,1000,0,1787200003.0,1
2,INTC,100.999521,1787200003.255,325,1000,1,1787200003.0,1
2,MSFT,101.449036,1787200003.255,325,1000,0,1787200003.0,1
2,AAPL,99.137536,1787200003.265,326,1000,0,1787200003.0,1
2,INTC,100.998606,1787200003.265,326,1000,1,1787200003.0,1
2,MSFT,101.484247,1787200003.265,326,1000,0,1787200003.0,1
2,AAPL,99.243589,1787200003.275,327,1000,0,1787200003.0,1
2,INTC,101.016591,1787200003.275,327,1000,1,1787200003.0,1
2,MSFT,101.510223,1787200003.275,327,1000,0,1787200003.0,1
2,AAPL,99.239462,1787200003.285,328,1000,0,1787200003.0,1
2,INTC,101.059069,1787200003.285,328,1000,1,1787200003.0,1
2,MSFT,101.489644,1787200003.285,328,1000,0,1787200003.0,1
2,AAPL,99.226016,1787200003.295,329,1000,0,1787200003.0,1
2,INTC,101.031691,1787200003.295,329,1000,1,1787200003.0,1
2,MSFT,101.480804,1787200003.295,329,1000,0,1787200003.0,1
2,AAPL,99.189179,1787200003.305,330,1000,0,1787200003.0,1
2,INTC,101.010886,1787200003.305,330,1000,1,1787200003.0,1
2,MSFT,101.410819,1787200003.305,330,1000,0,1787200003.0,1
2,AAPL,99.233221,1787200003.315,331,1000,0,1787200003.0,1
2,INTC,101.062191,1787200003.315,331,1000,1,1787200003.0,1
2,MSFT,101.369898,1787200003.315,331,1000,0,1787200003.0,1
2,AAPL,99.239645,1787200003.325,332,1000,0,1787200003.0,1
2,INTC,101.190118,1787200003.325,332,1000,1,1787200003.0,1
2,MSFT,101.35047,1787200003.325,332,1000,0,1787200003.0,1
2,AAPL,99.250691,1787200003.335,333,1000,0,1787200003.0,1
2,INTC,101.254865,1787200003.335,333,1000,1,1787200003.0,1
2,MSFT,101.39192,1787200003.335,333,1000,0,1787200003.0,1
2,AAPL,99.332854,1787200003.345,334,1000,0,1787200003.0,1
2,INTC,101.172223,1787200003.345,334,1000,1,1787200003.0,1
2,MSFT,101.309212,1787200003.345,334,1000,0,1787200003.0,1
2,AAPL,99.271391,1787200003.355,335,1000,0,1787200003.0,1
2,INTC,101.193335,1787200003.355,335,1000,1,1787200003.0,1
2,MSFT,101.275248,1787200003.355,335,1000,0,1787200003.0,1
2,AAPL,99.276156,1787200003.365,336,1000,0,1787200003.0,1
2,INTC,101.178405,1787200003.365,336,1000,1,1787200003.0,1
2,MSFT,101.251921,1787200003.365,336,1000,0,1787200003.0,1
2,AAPL,99.22348,1787200003.375,337,1000,0,1787200003.0,1
2,INTC,101.197533,1787200003.375,337,1000,1,1787200003.0,1
2,MSFT,101.271524,1787200003.375,337,1000,0,1787200003.0,1
2,AAPL,99.127971,1787200003.385,338,1000,0,1787200003.0,1
2,INTC,101.232457,1787200003.385,338,1000,1,1787200003.0,1
2,MSFT,101.244634,1787200003.385,338,1000,0,1787200003.0,1
2,AAPL,99.174061,1787200003.395,339,1000,0,1787200003.0,1
2,INTC,101.264702,1787200003.395,339,1000,1,1787200003.0,1
2,MSFT,101.207484,1787200003.395,339,1000,0,1787200003.0,1
2,AAPL,99.119406,1787200003.405,340,1000,0,1787200003.0,1
2,INTC,101.249764,1787200003.405,340,1000,1,1787200003.0,1
2,MSFT,101.189082,1787200003.405,340,1000,0,1787200003.0,1
2,AAPL,99.090643,1787200003.415,341,1000,0,1787200003.0,1
2,INTC,101.26353,1787200003.415,341,1000,1,1787200003.0,1
2,MSFT,101.271432,1787200003.415,341,1000,0,1787200003.0,1
2,AAPL,99.188007,1787200003.425,342,1000,0,1787200003.0,1
2,INTC,101.280811,1787200003.425,342,1000,1,1787200003.0,1
2,MSFT,101.221515,1787200003.425,342,1000,0,1787200003.0,1
2,AAPL,99.250072,1787200003.435,343,1000,0,1787200003.0,1
2,INTC,101.196926,1787200003.435,343,1000,1,1787200003.0,1
2,MSFT,101.208244,1787200003.435,343,1000,0,1787200003.0,1
2,AAPL,99.229033,1787200003.445,344,1000,0,1787200003.0,1
2,INTC,101.143688,1787200003.445,344,1000,1,1787200003.0,1
2,MSFT,101.159181,1787200003.445,344,1000,0,1787200003.0,1
2,AAPL,99.100539,1787200003.455,345,1000,0,1787200003.0,1
2,INTC,101.168544,1787200003.455,345,1000,1,1787200003.0,1
2,MSFT,101.201736,1787200003.455,345,1000,0,1787200003.0,1
2,AAPL,99.021522,1787200003.465,346,1000,0,1787200003.0,1
2,INTC,101.18336,1787200003.465,346,1000,1,1787200003.0,1
2,MSFT,101.251913,1787200003.465,346,1000,0,1787200003.0,1
2,AAPL,99.081872,1787200003.475,347,1000,0,1787200003.0,1
2,INTC,101.226624,1787200003.475,347,1000,1,1787200003.0,1
2,MSFT,101.1316,1787200003.475,347,1000,0,1787200003.0,1
2,AAPL,99.068435,1787200003.485,348,1000,0,1787200003.0,1
2,INTC,101.22856,1787200003.485,348,1000,1,1787200003.0,1
2,MSFT,101.092141,1787200003.485,348,1000,0,1787200003.0,1
2,AAPL,99.028387,1787200003.495,349,1000,0,1787200003.0,1
2,INTC,101.214398,1787200003.495,349,1000,1,1787200003.0,1
2,MSFT,101.076902,1787200003.495,349,1000,0,1787200003.0,1
2,AAPL,99.075204,1787200003.505,350,1000,0,1787200003.0,1
2,INTC,101.141878,1787200003.505,350,1000,1,1787200003.0,1
2,MSFT,101.078435,1787200003.505,350,1000,0,1787200003.0,1
2,AAPL,98.990624,1787200003.515,351,1000,0,1787200003.0,1
2,INTC,101.062405,1787200003.515,351,1000,1,1787200003.0,1
2,MSFT,101.195464,1787200003.515,351,1000,0,1787200003.0,1
2,AAPL,98.944311,1787200003.525,352,1000,0,1787200003.0,1
2,INTC,101.080018,1787200003.525,352,1000,1,1787200003.0,1
2,MSFT,101.174664,1787200003.525,352,1000,0,1787200003.0,1
2,AAPL,98.906496,1787200003.535,353,1000,0,1787200003.0,1
2,INTC,101.05854,1787200003.535,353,1000,1,1787200003.0,1
2,MSFT,101.129459,1787200003.535,353,1000,0,1787200003.0,1
2,AAPL,98.893142,1787200003.545,354,1000,0,1787200003.0,1
2,INTC,101.037374,1787200003.545,354,1000,1,1787200003.0,1
2,MSFT,101.248684,1787200003.545,354,1000,0,1787200003.0,1
2,AAPL,98.929307,1787200003.555,355,1000,0,1787200003.0,1
2,INTC,101.014756,1787200003.555,355,1000,1,1787200003.0,1
2,MSFT,101.221628,1787200003.555,355,1000,0,1787200003.0,1
2,AAPL,98.989586,1787200003.565,356,1000,0,1787200003.0,1
2,INTC,100.986813,1787200003.565,356,1000,1,1787200003.0,1
2,MSFT,101.252787,1787200003.565,356,1000,0,1787200003.0,1
2,AAPL,99.058786,1787200003.575,357,1000,0,1787200003.0,1
2,INTC,100.980117,1787200003.575,357,1000,1,1787200003.0,1
2,MSFT,101.223765,1787200003.575,357,1000,0,1787200003.0,1
2,AAPL,99.090835,1787200003.585,358,1000,0,1787200003.0,1
2,INTC,101.021524,1787200003.585,358,1000,1,1787200003.0,1
2,MSFT,101.201491,1787200003.585,358,1000,0,1787200003.0,1
2,AAPL,99.127359,1787200003.595,359,1000,0,1787200003.0,1
2,INTC,100.950712,1787200003.595,359,1000,1,1787200003.0,1
2,MSFT,101.181083,1787200003.595,359,1000,0,1787200003.0,1
2,AAPL,99.080686,1787200003.605,360,1000,0,1787200003.0,1
2,INTC,100.931928,1787200003.605,360,1000,1,1787200003.0,1
2,MSFT,101.224969,1787200003.605,360,1000,0,1787200003.0,1
2,AAPL,99.125577,1787200003.615,361,1000,0,1787200003.0,1
2,INTC,100.998758,1787200003.615,361,1000,1,1787200003.0,1
2,MSFT,101.217693,1787200003.615,361,1000,0,1787200003.0,1
2,AAPL,99.269245,1787200003.625,362,1000,0,1787200003.0,1
2,INTC,101.004501,1787200003.625,362,1000,1,1787200003.0,1
2,MSFT,101.270848,1787200003.625,362,1000,0,1787200003.0,1
2,AAPL,99.216201,1787200003.635,363,1000,0,1787200003.0,1
2,INTC,100.990511,1787200003.635,363,1000,1,1787200003.0,1
2,MSFT,101.231565,1787200003.635,363,1000,0,1787200003.0,1
2,AAPL,99.252828,1787200003.645,364,1000,0,1787200003.0,1
2,INTC,101.033685,1787200003.645,364,1000,1,1787200003.0,1
2,MSFT,101.216514,1787200003.645,364,1000,0,1787200003.0,1
2,AAPL,99.274552,1787200003.655,365,1000,0,1787200003.0,1
2,INTC,101.086381,1787200003.655,365,1000,1,1787200003.0,1
2,MSFT,101.191122,1787200003.655,365,1000,0,1787200003.0,1
2,AAPL,99.291921,1787200003.665,366,1000,0,1787200003.0,1
2,INTC,101.18777,1787200003.665,366,1000,1,1787200003.0,1
2,MSFT,101.169655,1787200003.665,366,1000,0,1787200003.0,1
2,AAPL,99.27592,1787200003.675,367,1000,0,1787200003.0,1
2,INTC,101.251081,1787200003.675,367,1000,1,1787200003.0,1
2,MSFT,101.107011,1787200003.675,367,1000,0,1787200003.0,1
2,AAPL,99.287291,1787200003.685,368,1000,0,1787200003.0,1
2,INTC,101.188038,1787200003.685,368,1000,1,1787200003.0,1
2,MSFT,101.084348,1787200003.685,368,1000,0,1787200003.0,1
2,AAPL,99.367247,1787200003.695,369,1000,0,1787200003.0,1
2,INTC,101.132396,1787200003.695,369,1000,1,1787200003.0,1
2,MSFT,101.117744,1787200003.695,369,1000,0,1787200003.0,1
2,AAPL,99.332387,1787200003.705,370,1000,0,1787200003.0,1
2,INTC,101.101704,1787200003.705,370,1000,1,1787200003.0,1
2,MSFT,101.08407,1787200003.705,370,1000,0,1787200003.0,1
2,AAPL,99.303367,1787200003.715,371,1000,0,1787200003.0,1
2,INTC,101.033787,1787200003.715,371,1000,1,1787200003.0,1
2,MSFT,101.002439,1787200003.715,371,1000,0,1787200003.0,1
2,AAPL,99.321355,1787200003.725,372,1000,0,1787200003.0,1
2,INTC,101.095801,1787200003.725,372,1000,1,1787200003.0,1
2,MSFT,101.032003,1787200003.725,372,1000,0,1787200003.0,1
2,AAPL,99.254719,1787200003.735,373,1000,0,1787200003.0,1
2,INTC,101.114534,1787200003.735,373,1000,1,1787200003.0,1
2,MSFT,100.945025,1787200003.735,373,1000,0,1787200003.0,1
2,AAPL,99.301212,1787200003.745,374,1000,0,1787200003.0,1
2,INTC,101.215273,1787200003.745,374,1000,1,1787200003.0,1
2,MSFT,100.942849,1787200003.745,374,1000,0,1787200003.0,1
2,AAPL,99.336884,1787200003.755,375,1000,0,1787200003.0,1
2,INTC,101.35338,1787200003.755,375,1000,1,1787200003.0,1
2,MSFT,100.953985,1787200003.755,375,1000,0,1787200003.0,1
2,AAPL,99.342289,1787200003.765,376,1000,0,1787200003.0,1
2,INTC,101.289619,1787200003.765,376,1000,1,1787200003.0,1
2,MSFT,100.961179,1787200003.765,376,1000,0,1787200003.0,1
2,AAPL,99.329087,1787200003.775,377,1000,0,1787200003.0,1
2,INTC,101.244772,1787200003.775,377,1000,1,1787200003.0,1
2,MSFT,100.969434,1787200003.775,377,1000,0,1787200003.0,1
2,AAPL,99.259678,1787200003.785,378,1000,0,1787200003.0,1
2,INTC,101.312456,1787200003.785,378,1000,1,1787200003.0,1
2,MSFT,101.013706,1787200003.785,378,1000,0,1787200003.0,1
2,AAPL,99.330074,1787200003.795,379,1000,0,1787200003.0,1
2,INTC,101.212868,1787200003.795,379,1000,1,1787200003.0,1
2,MSFT,101.025798,1787200003.795,379,1000,0,1787200003.0,1
2,AAPL,99.302593,1787200003.805,380,1000,0,1787200003.0,1
2,INTC,101.237027,1787200003.805,380,1000,1,1787200003.0,1
2,MSFT,101.042819,1787200003.805,380,1000,0,1787200003.0,1
2,AAPL,99.205979,1787200003.815,381,1000,0,1787200003.0,1
2,INTC,101.324666,1787200003.815,381,1000,1,1787200003.0,1
2,MSFT,101.037972,1787200003.815,381,1000,0,1787200003.0,1
2,AAPL,99.30297,1787200003.825,382,1000,0,1787200003.0,1
2,INTC,101.305939,1787200003.825,382,1000,1,1787200003.0,1
2,MSFT,101.051988,1787200003.825,382,1000,0,1787200003.0,1
2,AAPL,99.323899,1787200003.835,383,1000,0,1787200003.0,1
2,INTC,101.30416,1787200003.835,383,1000,1,1787200003.0,1
2,MSFT,101.046778,1787200003.835,383,1000,0,1787200003.0,1
2,AAPL,99.302869,1787200003.845,384,1000,0,1787200003.0,1
2,INTC,101.283343,1787200003.845,384,1000,1,1787200003.0,1
2,MSFT,101.04016,1787200003.845,384,1000,0,1787200003.0,1
2,AAPL,99.277205,1787200003.855,385,1000,0,1787200003.0,1
2,INTC,101.291433,1787200003.855,385,1000,1,1787200003.0,1
2,MSFT,101.05273,1787200003.855,385,1000,0,1787200003.0,1
2,AAPL,99.324412,1787200003.865,386,1000,0,1787200003.0,1
2,INTC,101.30956,1787200003.865,386,1000,1,1787200003.0,1
2,MSFT,101.018612,1787200003.865,386,1000,0,1787200003.0,1
2,AAPL,99.331514,1787200003.875,387,1000,0,1787200003.0,1
2,INTC,101.296987,1787200003.875,387,1000,1,1787200003.0,1
2,MSFT,101.031398,1787200003.875,387,1000,0,1787200003.0,1
2,AAPL,99.340368,1787200003.885,388,1000,0,1787200003.0,1
2,INTC,101.364735,1787200003.885,388,1000,1,1787200003.0,1
2,MSFT,101.109332,1787200003.885,388,1000,0,1787200003.0,1
2,AAPL,99.364406,1787200003.895,389,1000,0,1787200003.0,1
2,INTC,101.32429,1787200003.895,389,1000,1,1787200003.0,1
2,MSFT,100.990603,1787200003.895,389,1000,0,1787200003.0,1
2,AAPL,99.313718,1787200003.905,390,1000,0,1787200003.0,1
2,INTC,101.352525,1787200003.905,390,1000,1,1787200003.0,1
2,MSFT,100.968339,1787200003.905,390,1000,0,1787200003.0,1
2,AAPL,99.251705,1787200003.915,391,1000,0,1787200003.0,1
2,INTC,101.267918,1787200003.915,391,1000,1,1787200003.0,1
2,MSFT,100.941872,1787200003.915,391,1000,0,1787200003.0,1
2,AAPL,99.204134,1787200003.925,392,1000,0,1787200003.0,1
2,INTC,101.341846,1787200003.925,392,1000,1,1787200003.0,1
2,MSFT,101.02437,1787200003.925,392,1000,0,1787200003.0,1
2,AAPL,99.282032,1787200003.935,393,1000,0,1787200003.0,1
2,INTC,101.367828,1787200003.935,393,1000,1,1787200003.0,1
2,MSFT,101.026506,1787200003.935,393,1000,0,1787200003.0,1
2,AAPL,99.36124,1787200003.945,394,1000,0,1787200003.0,1
2,INTC,101.374434,1787200003.945,394,1000,1,1787200003.0,1
2,MSFT,101.039774,1787200003.945,394,1000,0,1787200003.0,1
2,AAPL,99.337552,1787200003.955,395,1000,0,1787200003.0,1
2,INTC,101.30217,1787200003.955,395,1000,1,1787200003.0,1
2,MSFT,101.087011,1787200003.955,395,1000,0,1787200003.0,1
2,AAPL,99.365744,1787200003.965,396,1000,0,1787200003.0,1
2,INTC,101.277711,1787200003.965,396,1000,1,1787200003.0,1
2,MSFT,101.037013,1787200003.965,396,1000,0,1787200003.0,1
2,AAPL,99.345365,1787200003.975,397,1000,0,1787200003.0,1
2,INTC,101.290349,1787200003.975,397,1000,1,1787200003.0,1
2,MSFT,101.048422,1787200003.975,397,1000,0,1787200003.0,1
2,AAPL,99.282838,1787200003.985,398,1000,0,1787200003.0,1
2,INTC,101.299194,1787200003.985,398,1000,1,1787200003.0,1
2,MSFT,101.080475,1787200003.985,398,1000,0,1787200003.0,1
2,AAPL,99.338735,1787200003.995,399,1000,0,1787200003.0,1
2,INTC,101.369469,1787200003.995,399,1000,1,1787200003.0,1
2,MSFT,101.066,1787200003.995,399,1000,0,1787200003.0,1
2,AAPL,99.307654,1787200004.005,400,1000,0,1787200004.0,1
2,INTC,101.335233,1787200004.005,400,1000,1,1787200004.0,1
2,MSFT,101.054481,1787200004.005,400,1000,0,1787200004.0,1
2,AAPL,99.322518,1787200004.015,401,1000,0,1787200004.0,1
2,INTC,101.292335,1787200004.015,401,1000,1,1787200004.0,1
2,MSFT,101.021284,1787200004.015,401,1000,0,1787200004.0,1
2,AAPL,99.320929,1787200004.025,402,1000,0,1787200004.0,1
2,INTC,101.306649,1787200004.025,402,1000,1,1787200004.0,1
2,MSFT,101.00448,1787200004.025,402,1000,0,1787200004.0,1
2,AAPL,99.307785,1787200004.035,403,1000,0,1787200004.0,1
2,INTC,101.312242,1787200004.035,403,1000,1,1787200004.0,1
2,MSFT,101.040928,1787200004.035,403,1000,0,1787200004.0,1
2,AAPL,99.310313,1787200004.045,404,1000,0,1787200004.0,1
2,INTC,101.2866,1787200004.045,404,1000,1,1787200004.0,1
2,MSFT,101.09821,1787200004.045,404,1000,0,1787200004.0,1
2,AAPL,99.262589,1787200004.055,405,1000,0,1787200004.0,1
2,INTC,101.33018,1787200004.055,405,1000,1,1787200004.0,1
2,MSFT,101.185777,1787200004.055,405,1000,0,1787200004.0,1
2,AAPL,99.134431,1787200004.065,406,1000,0,1787200004.0,1
2,INTC,101.30678,1787200004.065,406,1000,1,1787200004.0,1
2,MSFT,101.265228,1787200004.065,406,1000,0,1787200004.0,1
2,AAPL,99.116406,1787200004.075,407,1000,0,1787200004.0,1
2,INTC,101.378121,1787200004.075,407,1000,1,1787200004.0,1
2,MSFT,101.237548,1787200004.075,407,1000,0,1787200004.0,1
2,AAPL,99.092328,1787200004.085,408,1000,0,1787200004.0,1
2,INTC,101.332783,1787200004.085,408,1000,1,1787200004.0,1
2,MSFT,101.252678,1787200004.085,408,1000,0,1787200004.0,1
2,AAPL,99.186465,1787200004.095,409,1000,0,1787200004.0,1
2,INTC,101.299871,1787200004.095,409,1000,1,1787200004.0,1
2,MSFT,101.293347,1787200004.095,409,1000,0,1787200004.0,1
2,AAPL,99.204456,1787200004.105,410,1000,0,1787200004.0,1
2,INTC,101.33265,1787200004.105,410,1000,1,1787200004.0,1
2,MSFT,101.330064,1787200004.105,410,1000,0,1787200004.0,1
2,AAPL,99.253873,1787200004.115,411,1000,0,1787200004.0,1
2,INTC,101.287193,1787200004.115,411,1000,1,1787200004.0,1
2,MSFT,101.350154,1787200004.115,411,1000,0,1787200004.0,1
2,AAPL,99.327539,1787200004.125,412,1000,0,1787200004.0,1
2,INTC,101.233394,1787200004.125,412,1000,1,1787200004.0,1
2,MSFT,101.380141,1787200004.125,412,1000,0,1787200004.0,1
2,AAPL,99.384925,1787200004.135,413,1000,0,1787200004.0,1
2,INTC,101.210174,1787200004.135,413,1000,1,1787200004.0,1
2,MSFT,101.394933,1787200004.135,413,1000,0,1787200004.0,1
2,AAPL,99.431489,1787200004.145,414,1000,0,1787200004.0,1
2,INTC,101.194865,1787200004.145,414,1000,1,1787200004.0,1
2,MSFT,101.359833,1787200004.145,414,1000,0,1787200004.0,1
2,AAPL,99.444932,1787200004.155,415,1000,0,1787200004.0,1
2,INTC,101.246309,1787200004.155,415,1000,1,1787200004.0,1
2,MSFT,101.313484,1787200004.155,415,1000,0,1787200004.0,1
2,AAPL,99.432859,1787200004.165,416,1000,0,1787200004.0,1
2,INTC,101.30889,1787200004.165,416,1000,1,1787200004.0,1
2,MSFT,101.300747,1787200004.165,416,1000,0,1787200004.0,1
2,AAPL,99.459844,1787200004.175,417,1000,0,1787200004.0,1
2,INTC,101.355971,1787200004.175,417,1000,1,1787200004.0,1
2,MSFT,101.314281,1787200004.175,417,1000,0,1787200004.0,1
2,AAPL,99.497581,1787200004.185,418,1000,0,1787200004.0,1
2,INTC,101.251152,1787200004.185,418,1000,1,1787200004.0,1
2,MSFT,101.344309,1787200004.185,418,1000,0,1787200004.0,1
2,AAPL,99.460925,1787200004.195,419,1000,0,1787200004.0,1
2,INTC,101.22795,1787200004.195,419,1000,1,1787200004.0,1
2,MSFT,101.346503,1787200004.195,419,1000,0,1787200004.0,1
2,AAPL,99.446889,1787200004.205,420,1000,0,1787200004.0,1
2,INTC,101.220752,1787200004.205,420,1000,1,1787200004.0,1
2,MSFT,101.318867,1787200004.205,420,1000,0,1787200004.0,1
2,AAPL,99.467274,1787200004.215,421,1000,0,1787200004.0,1
2,INTC,101.250799,1787200004.215,421,1000,1,1787200004.0,1
2,MSFT,101.341416,1787200004.215,421,1000,0,1787200004.0,1
2,AAPL,99.457103,1787200004.225,422,1000,0,1787200004.0,1
2,INTC,101.182189,1787200004.225,422,1000,1,1787200004.0,1
2,MSFT,101.307679,1787200004.225,422,1000,0,1787200004.0,1
2,AAPL,99.507118,1787200004.235,423,1000,0,1787200004.0,1
2,INTC,101.164764,1787200004.235,423,1000,1,1787200004.0,1
2,MSFT,101.236211,1787200004.235,423,1000,0,1787200004.0,1
2,AAPL,99.534899,1787200004.245,424,1000,0,1787200004.0,1
2,INTC,101.136117,1787200004.245,424,1000,1,1787200004.0,1
2,MSFT,101.219801,1787200004.245,424,1000,0,1787200004.0,1
2,AAPL,99.608635,1787200004.255,425,1000,0,1787200004.0,1
2,INTC,101.178324,1787200004.255,425,1000,1,1787200004.0,1
2,MSFT,101.292728,1787200004.255,425,1000,0,1787200004.0,1
2,AAPL,99.609744,1787200004.265,426,1000,0,1787200004.0,1
2,INTC,101.221859,1787200004.265,426,1000,1,1787200004.0,1
2,MSFT,101.34543,1787200004.265,426,1000,0,1787200004.0,1
2,AAPL,99.617183,1787200004.275,427,1000,0,1787200004.0,1
2,INTC,101.238453,1787200004.275,427,1000,1,1787200004.0,1
2,MSFT,101.297597,1787200004.275,427,1000,0,1787200004.0,1
2,AAPL,99.577085,1787200004.285,428,1000,0,1787200004.0,1
2,INTC,101.248512,1787200004.285,428,1000,1,1787200004.0,1
2,MSFT,101.346169,1787200004.285,428,1000,0,1787200004.0,1
2,AAPL,99.540285,1787200004.295,429,1000,0,1787200004.0,1
2,INTC,101.273743,1787200004.295,429,1000,1,1787200004.0,1
2,MSFT,101.348231,1787200004.295,429,1000,0,1787200004.0,1
2,AAPL,99.533627,1787200004.305,430,1000,0,1787200004.0,1
2,INTC,101.308555,1787200004.305,430,1000,1,1787200004.0,1
2,MSFT,101.324529,1787200004.305,430,1000,0,1787200004.0,1
2,AAPL,99.453764,1787200004.315,431,1000,0,1787200004.0,1
2,INTC,101.364943,1787200004.315,431,1000,1,1787200004.0,1
2,MSFT,101.31044,1787200004.315,431,1000,0,1787200004.0,1
2,AAPL,99.411392,1787200004.325,432,1000,0,1787200004.0,1
2,INTC,101.355682,1787200004.325,432,1000,1,1787200004.0,1
2,MSFT,101.29259,1787200004.325,432,1000,0,1787200004.0,1
2,AAPL,99.382759,1787200004.335,433,1000,0,1787200004.0,1
2,INTC,101.433833,1787200004.335,433,1000,1,1787200004.0,1
2,MSFT,101.234483,1787200004.335,433,1000,0,1787200004.0,1
2,AAPL,99.364773,1787200004.345,434,1000,0,1787200004.0,1
2,INTC,101.409827,1787200004.345,434,1000,1,1787200004.0,1
2,MSFT,101.208056,1787200004.345,434,1000,0,1787200004.0,1
2,AAPL,99.491688,1787200004.355,435,1000,0,1787200004.0,1
2,INTC,101.455215,1787200004.355,435,1000,1,1787200004.0,1
2,MSFT,101.186815,1787200004.355,435,1000,0,1787200004.0,1
2,AAPL,99.446756,1787200004.365,436,1000,0,1787200004.0,1
2,INTC,101.471841,1787200004.365,436,1000,1,1787200004.0,1
2,MSFT,101.204003,1787200004.365,436,1000,0,1787200004.0,1
2,AAPL,99.485709,1787200004.375,437,1000,0,1787200004.0,1
2,INTC,101.364169,1787200004.375,437,1000,1,1787200004.0,1
2,MSFT,101.232552,1787200004.375,437,1000,0,1787200004.0,1
2,AAPL,99.456443,1787200004.385,438,1000,0,1787200004.0,1
2,INTC,101.393199,1787200004.385,438,1000,1,1787200004.0,1
2,MSFT,101.276012,1787200004.385,438,1000,0,1787200004.0,1
2,AAPL,99.43833,1787200004.395,439,1000,0,1787200004.0,1
2,INTC,101.398534,1787200004.395,439,1000,1,1787200004.0,1
2,MSFT,101.170771,1787200004.395,439,1000,0,1787200004.0,1
2,AAPL,99.535468,1787200004.405,440,1000,0,1787200004.0,1
2,INTC,101.472886,1787200004.405,440,1000,1,1787200004.0,1
2,MSFT,101.204669,1787200004.405,440,1000,0,1787200004.0,1
2,AAPL,99.555704,1787200004.415,441,1000,0,1787200004.0,1
2,INTC,101.504994,1787200004.415,441,1000,1,1787200004.0,1
2,MSFT,101.168507,1787200004.415,441,1000,0,1787200004.0,1
2,AAPL,99.587446,1787200004.425,442,1000,0,1787200004.0,1
2,INTC,101.547881,1787200004.425,442,1000,1,1787200004.0,1
2,MSFT,101.138564,1787200004.425,442,1000,0,1787200004.0,1
2,AAPL,99.560426,1787200004.435,443,1000,0,1787200004.0,1
2,INTC,101.596368,1787200004.435,443,1000,1,1787200004.0,1
2,MSFT,101.236797,1787200004.435,443,1000,0,1787200004.0,1
2,AAPL,99.546304,1787200004.445,444,1000,0,1787200004.0,1
2,INTC,101.579719,1787200004.445,444,1000,1,1787200004.0,1
2,MSFT,101.211592,1787200004.445,444,1000,0,1787200004.0,1
2,AAPL,99.49484,1787200004.455,445,1000,0,1787200004.0,1
2,INTC,101.53682,1787200004.455,445,1000,1,1787200004.0,1
2,MSFT,101.206234,1787200004.455,445,1000,0,1787200004.0,1
2,AAPL,99.472308,1787200004.465,446,1000,0,1787200004.0,1
2,INTC,101.600365,1787200004.465,446,1000,1,1787200004.0,1
2,MSFT,101.15387,1787200004.465,446,1000,0,1787200004.0,1
2,AAPL,99.493578,1787200004.475,447,1000,0,1787200004.0,1
2,INTC,101.678316,1787200004.475,447,1000,1,1787200004.0,1
2,MSFT,101.12332,1787200004.475,447,1000,0,1787200004.0,1
2,AAPL,99.479042,1787200004.485,448,1000,0,1787200004.0,1
2,INTC,101.737397,1787200004.485,448,1000,1,1787200004.0,1
2,MSFT,101.106036,1787200004.485,448,1000,0,1787200004.0,1
2,AAPL,99.575375,1787200004.495,449,1000,0,1787200004.0,1
2,INTC,101.656939,1787200004.495,449,1000,1,1787200004.0,1
2,MSFT,101.113315,1787200004.495,449,1000,0,1787200004.0,1
2,AAPL,99.565963,1787200004.505,450,1000,0,1787200004.0,1
2,INTC,101.648844,1787200004.505,450,1000,1,1787200004.0,1
2,MSFT,101.066984,1787200004.505,450,1000,0,1787200004.0,1
2,AAPL,99.545002,1787200004.515,451,1000,0,1787200004.0,1
2,INTC,101.655965,1787200004.515,451,1000,1,1787200004.0,1
2,MSFT,101.10231,1787200004.515,451,1000,0,1787200004.0,1
2,AAPL,99.505863,1787200004.525,452,1000,0,1787200004.0,1
2,INTC,101.585026,1787200004.525,452,1000,1,1787200004.0,1
2,MSFT,101.037713,1787200004.525,452,1000,0,1787200004.0,1
2,AAPL,99.549425,1787200004.535,453,1000,0,1787200004.0,1
2,INTC,101.610908,1787200004.535,453,1000,1,1787200004.0,1
2,MSFT,101.115787,1787200004.535,453,1000,0,1787200004.0,1
2,AAPL,99.602573,1787200004.545,454,1000,0,1787200004.0,1
2,INTC,101.655,1787200004.545,454,1000,1,1787200004.0,1
2,MSFT,101.115234,1787200004.545,454,1000,0,1787200004.0,1
2,AAPL,99.595488,1787200004.555,455,1000,0,1787200004.0,1
2,INTC,101.666227,1787200004.555,455,1000,1,1787200004.0,1
2,MSFT,101.198092,1787200004.555,455,1000,0,1787200004.0,1
2,AAPL,99.522706,1787200004.565,456,1000,0,1787200004.0,1
2,INTC,101.672836,1787200004.565,456,1000,1,1787200004.0,1
2,MSFT,101.107881,1787200004.565,456,1000,0,1787200004.0,1
2,AAPL,99.576601,1787200004.575,457,1000,0,1787200004.0,1
2,INTC,101.612235,1787200004.575,457,1000,1,1787200004.0,1
2,MSFT,101.083147,1787200004.575,457,1000,0,1787200004.0,1
2,AAPL,99.562043,1787200004.585,458,1000,0,1787200004.0,1
2,INTC,101.659699,1787200004.585,458,1000,1,1787200004.0,1
2,MSFT,101.005581,1787200004.585,458,1000,0,1787200004.0,1
2,AAPL,99.562476,1787200004.595,459,1000,0,1787200004.0,1
2,INTC,101.637033,1787200004.595,459,1000,1,1787200004.0,1
2,MSFT,101.057455,1787200004.595,459,1000,0,1787200004.0,1
2,AAPL,99.551999,1787200004.605,460,1000,0,1787200004.0,1
2,INTC,101.663419,1787200004.605,460,1000,1,1787200004.0,1
2,MSFT,100.983932,1787200004.605,460,1000,0,1787200004.0,1
2,AAPL,99.579651,1787200004.615,461,1000,0,1787200004.0,1
2,INTC,101.695537,1787200004.615,461,1000,1,1787200004.0,1
2,MSFT,101.014793,1787200004.615,461,1000,0,1787200004.0,1
2,AAPL,99.61229,1787200004.625,462,1000,0,1787200004.0,1
2,INTC,101.736075,1787200004.625,462,1000,1,1787200004.0,1
2,MSFT,100.987733,1787200004.625,462,1000,0,1787200004.0,1
2,AAPL,99.599996,1787200004.635,463,1000,0,1787200004.0,1
2,INTC,101.738133,1787200004.635,463,1000,1,1787200004.0,1
2,MSFT,100.965438,1787200004.635,463,1000,0,1787200004.0,1
2,AAPL,99.518509,1787200004.645,464,1000,0,1787200004.0,1
2,INTC,101.740259,1787200004.645,464,1000,1,1787200004.0,1
2,MSFT,101.033206,1787200004.645,464,1000,0,1787200004.0,1
2,AAPL,99.459634,1787200004.655,465,1000,0,1787200004.0,1
2,INTC,101.720371,1787200004.655,465,1000,1,1787200004.0,1
2,MSFT,101.080402,1787200004.655,465,1000,0,1787200004.0,1
2,AAPL,99.46885,1787200004.665,466,1000,0,1787200004.0,1
2,INTC,101.764235,1787200004.665,466,1000,1,1787200004.0,1
2,MSFT,100.995178,1787200004.665,466,1000,0,1787200004.0,1
2,AAPL,99.462759,1787200004.675,467,1000,0,1787200004.0,1
2,INTC,101.702001,1787200004.675,467,1000,1,1787200004.0,1
2,MSFT,100.968912,1787200004.675,467,1000,0,1787200004.0,1
2,AAPL,99.449271,1787200004.685,468,1000,0,1787200004.0,1
2,INTC,101.600539,1787200004.685,468,1000,1,1787200004.0,1
2,MSFT,100.960452,1787200004.685,468,1000,0,1787200004.0,1
2,AAPL,99.488407,1787200004.695,469,1000,0,1787200004.0,1
2,INTC,101.687341,1787200004.695,469,1000,1,1787200004.0,1
2,MSFT,101.030691,1787200004.695,469,1000,0,1787200004.0,1
2,AAPL,99.357387,1787200004.705,470,1000,0,1787200004.0,1
2,INTC,101.702596,1787200004.705,470,1000,1,1787200004.0,1
2,MSFT,101.056787,1787200004.705,470,1000,0,1787200004.0,1
2,AAPL,99.339277,1787200004.715,471,1000,0,1787200004.0,1
2,INTC,101.594209,1787200004.715,471,1000,1,1787200004.0,1
2,MSFT,101.016762,1787200004.715,471,1000,0,1787200004.0,1
2,AAPL,99.405288,1787200004.725,472,1000,0,1787200004.0,1
2,INTC,101.595798,1787200004.725,472,1000,1,1787200004.0,1
2,MSFT,100.964635,1787200004.725,472,1000,0,1787200004.0,1
2,AAPL,99.410387,1787200004.735,473,1000,0,1787200004.0,1
2,INTC,101.654389,1787200004.735,473,1000,1,1787200004.0,1
2,MSFT,101.055123,1787200004.735,473,1000,0,1787200004.0,1
2,AAPL,99.30762,1787200004.745,474,1000,0,1787200004.0,1
2,INTC,101.645173,1787200004.745,474,1000,1,1787200004.0,1
2,MSFT,100.983765,1787200004.745,474,1000,0,1787200004.0,1
2,AAPL,99.319194,1787200004.755,475,1000,0,1787200004.0,1
2,INTC,101.600152,1787200004.755,475,1000,1,1787200004.0,1
2,MSFT,100.941712,1787200004.755,475,1000,0,1787200004.0,1
2,AAPL,99.33124,1787200004.765,476,1000,0,1787200004.0,1
2,INTC,101.567147,1787200004.765,476,1000,1,1787200004.0,1
2,MSFT,100.91865,1787200004.765,476,1000,0,1787200004.0,1
2,AAPL,99.393545,1787200004.775,477,1000,0,1787200004.0,1
2,INTC,101.579315,1787200004.775,477,1000,1,1787200004.0,1
2,MSFT,100.879508,1787200004.775,477,1000,0,1787200004.0,1
2,AAPL,99.444495,1787200004.785,478,1000,0,1787200004.0,1
2,INTC,101.604494,1787200004.785,478,1000,1,1787200004.0,1
2,MSFT,100.825144,1787200004.785,478,1000,0,1787200004.0,1
2,AAPL,99.486613,1787200004.795,479,1000,0,1787200004.0,1
2,INTC,101.621366,1787200004.795,479,1000,1,1787200004.0,1
2,MSFT,100.983658,1787200004.795,479,1000,0,1787200004.0,1
2,AAPL,99.464872,1787200004.805,480,1000,0,1787200004.0,1
2,INTC,101.6404,1787200004.805,480,1000,1,1787200004.0,1
2,MSFT,101.019234,1787200004.805,480,1000,0,1787200004.0,1
2,AAPL,99.361669,1787200004.815,481,1000,0,1787200004.0,1
2,INTC,101.643982,1787200004.815,481,1000,1,1787200004.0,1
2,MSFT,101.069062,1787200004.815,481,1000,0,1787200004.0,1
2,AAPL,99.343183,1787200004.825,482,1000,0,1787200004.0,1
2,INTC,101.572082,1787200004.825,482,1000,1,1787200004.0,1
2,MSFT,101.188645,1787200004.825,482,1000,0,1787200004.0,1
2,AAPL,99.375204,1787200004.835,483,1000,0,1787200004.0,1
2,INTC,101.594328,1787200004.835,483,1000,1,1787200004.0,1
2,MSFT,101.169345,1787200004.835,483,1000,0,1787200004.0,1
2,AAPL,99.368752,1787200004.845,484,1000,0,1787200004.0,1
2,INTC,101.622594,1787200004.845,484,1000,1,1787200004.0,1
2,MSFT,101.210515,1787200004.845,484,1000,0,1787200004.0,1
2,AAPL,99.393611,1787200004.855,485,1000,0,1787200004.0,1
2,INTC,101.661977,1787200004.855,485,1000,1,1787200004.0,1
2,MSFT,101.16452,1787200004.855,485,1000,0,1787200004.0,1
2,AAPL,99.358877,1787200004.865,486,1000,0,1787200004.0,1
2,INTC,101.644267,1787200004.865,486,1000,1,1787200004.0,1
2,MSFT,101.156934,1787200004.865,486,1000,0,1787200004.0,1
2,AAPL,99.260414,1787200004.875,487,1000,0,1787200004.0,1
2,INTC,101.679046,1787200004.875,487,1000,1,1787200004.0,1
2,MSFT,101.207122,1787200004.875,487,1000,0,1787200004.0,1
2,AAPL,99.267669,1787200004.885,488,1000,0,1787200004.0,1
2,INTC,101.718866,1787200004.885,488,1000,1,1787200004.0,1
2,MSFT,101.230574,1787200004.885,488,1000,0,1787200004.0,1
2,AAPL,99.364629,1787200004.895,489,1000,0,1787200004.0,1
2,INTC,101.732587,1787200004.895,489,1000,1,1787200004.0,1
2,MSFT,101.222599,1787200004.895,489,1000,0,1787200004.0,1
2,AAPL,99.418278,1787200004.905,490,1000,0,1787200004.0,1
2,INTC,101.734306,1787200004.905,490,1000,1,1787200004.0,1
2,MSFT,101.157416,1787200004.905,490,1000,0,1787200004.0,1
2,AAPL,99.403195,1787200004.915,491,1000,0,1787200004.0,1
2,INTC,101.668678,1787200004.915,491,1000,1,1787200004.0,1
2,MSFT,101.130417,1787200004.915,491,1000,0,1787200004.0,1
2,AAPL,99.476379,1787200004.925,492,1000,0,1787200004.0,1
2,INTC,101.622056,1787200004.925,492,1000,1,1787200004.0,1
2,MSFT,101.118161,1787200004.925,492,1000,0,1787200004.0,1
2,AAPL,99.442406,1787200004.935,493,1000,0,1787200004.0,1
2,INTC,101.774164,1787200004.935,493,1000,1,1787200004.0,1
2,MSFT,101.02272,1787200004.935,493,1000,0,1787200004.0,1
2,AAPL,99.433972,1787200004.945,494,1000,0,1787200004.0,1
2,INTC,101.811415,1787200004.945,494,1000,1,1787200004.0,1
2,MSFT,101.049046,1787200004.945,494,1000,0,1787200004.0,1
2,AAPL,99.431833,1787200004.955,495,1000,0,1787200004.0,1
2,INTC,101.886834,1787200004.955,495,1000,1,1787200004.0,1
2,MSFT,100.996506,1787200004.955,495,1000,0,1787200004.0,1
2,AAPL,99.399183,1787200004.965,496,1000,0,1787200004.0,1
2,INTC,101.898999,1787200004.965,496,1000,1,1787200004.0,1
2,MSFT,101.02409,1787200004.965,496,1000,0,1787200004.0,1
2,AAPL,99.397989,1787200004.975,497,1000,0,1787200004.0,1
2,INTC,101.890539,1787200004.975,497,1000,1,1787200004.0,1
2,MSFT,100.995964,1787200004.975,497,1000,0,1787200004.0,1
2,AAPL,99.496034,1787200004.985,498,1000,0,1787200004.0,1
2,INTC,101.908556,1787200004.985,498,1000,1,1787200004.0,1
2,MSFT,100.960602,1787200004.985,498,1000,0,1787200004.0,1
2,AAPL,99.562014,1787200004.995,499,1000,0,1787200004.0,1
2,INTC,101.924611,1787200004.995,499,1000,1,1787200004.0,1
2,MSFT,100.92633,1787200004.995,499,1000,0,1787200004.0,1
2,AAPL,99.564118,1787200005.005,500,1000,0,1787200005.0,1
2,INTC,101.944888,1787200005.005,500,1000,1,1787200005.0,1
2,MSFT,100.966906,1787200005.005,500,1000,0,1787200005.0,1
2,AAPL,99.617811,1787200005.015,501,1000,0,1787200005.0,1
2,INTC,101.950539,1787200005.015,501,1000,1,1787200005.0,1
2,MSFT,101.107502,1787200005.015,501,1000,0,1787200005.0,1
2,AAPL,99.723354,1787200005.025,502,1000,0,1787200005.0,1
2,INTC,102.0299,1787200005.025,502,1000,1,1787200005.0,1
2,MSFT,101.211834,1787200005.025,502,1000,0,1787200005.0,1
2,AAPL,99.727972,1787200005.035,503,1000,0,1787200005.0,1
2,INTC,102.059427,1787200005.035,503,1000,1,1787200005.0,1
2,MSFT,101.204494,1787200005.035,503,1000,0,1787200005.0,1
2,AAPL,99.724068,1787200005.045,504,1000,0,1787200005.0,1
2,INTC,101.98117,1787200005.045,504,1000,1,1787200005.0,1
2,MSFT,101.271184,1787200005.045,504,1000,0,1787200005.0,1
2,AAPL,99.734497,1787200005.055,505,1000,0,1787200005.0,1
2,INTC,102.014051,1787200005.055,505,1000,1,1787200005.0,1
2,MSFT,101.310767,1787200005.055,505,1000,0,1787200005.0,1
2,AAPL,99.755578,1787200005.065,506,1000,0,1787200005.0,1
2,INTC,101.992562,1787200005.065,506,1000,1,1787200005.0,1
2,MSFT,101.282941,1787200005.065,506,1000,0,1787200005.0,1
2,AAPL,99.84112,1787200005.075,507,1000,0,1787200005.0,1
2,INTC,101.998134,1787200005.075,507,1000,1,1787200005.0,1
2,MSFT,101.271438,1787200005.075,507,1000,0,1787200005.0,1
2,AAPL,99.791004,1787200005.085,508,1000,0,1787200005.0,1
2,INTC,102.001169,1787200005.085,508,1000,1,1787200005.0,1
2,MSFT,101.29597,1787200005.085,508,1000,0,1787200005.0,1
2,AAPL,99.872998,1787200005.095,509,1000,0,1787200005.0,1
2,INTC,101.944666,1787200005.095,509,1000,1,1787200005.0,1
2,MSFT,101.1993,1787200005.095,509,1000,0,1787200005.0,1
2,AAPL,99.910215,1787200005.105,510,1000,0,1787200005.0,1
2,INTC,101.956761,1787200005.105,510,1000,1,1787200005.0,1
2,MSFT,101.165149,1787200005.105,510,1000,0,1787200005.0,1
2,AAPL,99.853092,1787200005.115,511,1000,0,1787200005.0,1
2,INTC,101.897712,1787200005.115,511,1000,1,1787200005.0,1
2,MSFT,101.249486,1787200005.115,511,1000,0,1787200005.0,1
2,AAPL,99.755752,1787200005.125,512,1000,0,1787200005.0,1
2,INTC,101.904605,1787200005.125,512,1000,1,1787200005.0,1
2,MSFT,101.272881,1787200005.125,512,1000,0,1787200005.0,1
2,AAPL,99.765719,1787200005.135,513,1000,0,1787200005.0,1
2,INTC,101.883046,1787200005.135,513,1000,1,1787200005.0,1
2,MSFT,101.223082,1787200005.135,513,1000,0,1787200005.0,1
2,AAPL,99.769188,1787200005.145,514,1000,0,1787200005.0,1
2,INTC,101.809523,1787200005.145,514,1000,1,1787200005.0,1
2,MSFT,101.212332,1787200005.145,514,1000,0,1787200005.0,1
2,AAPL,99.700239,1787200005.155,515,1000,0,1787200005.0,1
2,INTC,101.859321,1787200005.155,515,1000,1,1787200005.0,1
2,MSFT,101.232152,1787200005.155,515,1000,0,1787200005.0,1
2,AAPL,99.762438,1787200005.165,516,1000,0,1787200005.0,1
2,INTC,101.829181,1787200005.165,516,1000,1,1787200005.0,1
2,MSFT,101.251016,1787200005.165,516,1000,0,1787200005.0,1
2,AAPL,99.82972,1787200005.175,517,1000,0,1787200005.0,1
2,INTC,101.842339,1787200005.175,517,1000,1,1787200005.0,1
2,MSFT,101.273287,1787200005.175,517,1000,0,1787200005.0,1
2,AAPL,99.823422,1787200005.185,518,1000,0,1787200005.0,1
2,INTC,101.866233,1787200005.185,518,1000,1,1787200005.0,1
2,MSFT,101.231312,1787200005.185,518,1000,0,1787200005.0,1
2,AAPL,99.861038,1787200005.195,519,1000,0,1787200005.0,1
2,INTC,101.727085,1787200005.195,519,1000,1,1787200005.0,1
2,MSFT,101.223215,1787200005.195,519,1000,0,1787200005.0,1
2,AAPL,99.8322,1787200005.205,520,1000,0,1787200005.0,1
2,INTC,101.779942,1787200005.205,520,1000,1,1787200005.0,1
2,MSFT,101.194911,1787200005.205,520,1000,0,1787200005.0,1
2,AAPL,99.870682,1787200005.215,521,1000,0,1787200005.0,1
2,INTC,101.831473,1787200005.215,521,1000,1,1787200005.0,1
2,MSFT,101.237176,1787200005.215,521,1000,0,1787200005.0,1
2,AAPL,99.922299,1787200005.225,522,1000,0,1787200005.0,1
2,INTC,101.82087,1787200005.225,522,1000,1,1787200005.0,1
2,MSFT,101.238335,1787200005.225,522,1000,0,1787200005.0,1
2,AAPL,99.898798,1787200005.235,523,1000,0,1787200005.0,1
2,INTC,101.776287,1787200005.235,523,1000,1,1787200005.0,1
2,MSFT,101.232218,1787200005.235,523,1000,0,1787200005.0,1
2,AAPL,99.903972,1787200005.245,524,1000,0,1787200005.0,1
2,INTC,101.770249,1787200005.245,524,1000,1,1787200005.0,1
2,MSFT,101.190747,1787200005.245,524,1000,0,1787200005.0,1
2,AAPL,99.902525,1787200005.255,525,1000,0,1787200005.0,1
2,INTC,101.809379,1787200005.255,525,1000,1,1787200005.0,1
2,MSFT,101.252362,1787200005.255,525,1000,0,1787200005.0,1
2,AAPL,99.882936,1787200005.265,526,1000,0,1787200005.0,1
2,INTC,101.790773,1787200005.265,526,1000,1,1787200005.0,1
2,MSFT,101.121619,1787200005.265,526,1000,0,1787200005.0,1
2,AAPL,99.824403,1787200005.275,527,1000,0,1787200005.0,1
2,INTC,101.747366,1787200005.275,527,1000,1,1787200005.0,1
2,MSFT,101.045584,1787200005.275,527,1000,0,1787200005.0,1
2,AAPL,99.816861,1787200005.285,528,1000,0,1787200005.0,1
2,INTC,101.721524,1787200005.285,528,1000,1,1787200005.0,1
2,MSFT,101.134036,1787200005.285,528,1000,0,1787200005.0,1
2,AAPL,99.873997,1787200005.295,529,1000,0,1787200005.0,1
2,INTC,101.681078,1787200005.295,529,1000,1,1787200005.0,1
2,MSFT,101.203909,1787200005.295,529,1000,0,1787200005.0,1
2,AAPL,99.818429,1787200005.305,530,1000,0,1787200005.0,1
2,INTC,101.621402,1787200005.305,530,1000,1,1787200005.0,1
2,MSFT,101.271884,1787200005.305,530,1000,0,1787200005.0,1
2,AAPL,99.870298,1787200005.315,531,1000,0,1787200005.0,1
2,INTC,101.643233,1787200005.315,531,1000,1,1787200005.0,1
2,MSFT,101.216469,1787200005.315,531,1000,0,1787200005.0,1
2,AAPL,99.858373,1787200005.325,532,1000,0,1787200005.0,1
2,INTC,101.632369,1787200005.325,532,1000,1,1787200005.0,1
2,MSFT,101.162958,1787200005.325,532,1000,0,1787200005.0,1
2,AAPL,99.950769,1787200005.335,533,1000,0,1787200005.0,1
2,INTC,101.639769,1787200005.335,533,1000,1,1787200005.0,1
2,MSFT,101.20979,1787200005.335,533,1000,0,1787200005.0,1
2,AAPL,99.931962,1787200005.345,534,1000,0,1787200005.0,1
2,INTC,101.668456,1787200005.345,534,1000,1,1787200005.0,1
2,MSFT,101.23106,1787200005.345,534,1000,0,1787200005.0,1
2,AAPL,99.989625,1787200005.355,535,1000,0,1787200005.0,1
2,INTC,101.660965,1787200005.355,535,1000,1,1787200005.0,1
2,MSFT,101.209595,1787200005.355,535,1000,0,1787200005.0,1
2,AAPL,100.007121,1787200005.365,536,1000,0,1787200005.0,1
2,INTC,101.587243,1787200005.365,536,1000,1,1787200005.0,1
2,MSFT,101.265726,1787200005.365,536,1000,0,1787200005.0,1
2,AAPL,99.984537,1787200005.375,537,1000,0,1787200005.0,1
2,INTC,101.589012,1787200005.375,537,1000,1,1787200005.0,1
2,MSFT,101.280703,1787200005.375,537,1000,0,1787200005.0,1
2,AAPL,100.012445,1787200005.385,538,1000,0,1787200005.0,1
2,INTC,101.642205,1787200005.385,538,1000,1,1787200005.0,1
2,MSFT,101.357431,1787200005.385,538,1000,0,1787200005.0,1
2,AAPL,99.945796,1787200005.395,539,1000,0,1787200005.0,1
2,INTC,101.658973,1787200005.395,539,1000,1,1787200005.0,1
2,MSFT,101.436382,1787200005.395,539,1000,0,1787200005.0,1
2,AAPL,99.934791,1787200005.405,540,1000,0,1787200005.0,1
2,INTC,101.684457,1787200005.405,540,1000,1,1787200005.0,1
2,MSFT,101.471644,1787200005.405,540,1000,0,1787200005.0,1
2,AAPL,99.975866,1787200005.415,541,1000,0,1787200005.0,1
2,INTC,101.647135,1787200005.415,541,1000,1,1787200005.0,1
2,MSFT,101.530019,1787200005.415,541,1000,0,1787200005.0,1
2,AAPL,99.997749,1787200005.425,542,1000,0,1787200005.0,1
2,INTC,101.649981,1787200005.425,542,1000,1,1787200005.0,1
2,MSFT,101.52283,1787200005.425,542,1000,0,1787200005.0,1
2,AAPL,100.028942,1787200005.435,543,1000,0,1787200005.0,1
2,INTC,101.548112,1787200005.435,543,1000,1,1787200005.0,1
2,MSFT,101.51364,1787200005.435,543,1000,0,1787200005.0,1
2,AAPL,100.01148,1787200005.445,544,1000,0,1787200005.0,1
2,INTC,101.480265,1787200005.445,544,1000,1,1787200005.0,1
2,MSFT,101.493178,1787200005.445,544,1000,0,1787200005.0,1
2,AAPL,99.972606,1787200005.455,545,1000,0,1787200005.0,1
2,INTC,101.462881,1787200005.455,545,1000,1,1787200005.0,1
2,MSFT,101.474186,1787200005.455,545,1000,0,1787200005.0,1
2,AAPL,99.980066,1787200005.465,546,1000,0,1787200005.0,1
2,INTC,101.47145,1787200005.465,546,1000,1,1787200005.0,1
2,MSFT,101.446234,1787200005.465,546,1000,0,1787200005.0,1
2,AAPL,99.984428,1787200005.475,547,1000,0,1787200005.0,1
2,INTC,101.459137,1787200005.475,547,1000,1,1787200005.0,1
2,MSFT,101.352782,1787200005.475,547,1000,0,1787200005.0,1
2,AAPL,99.921797,1787200005.485,548,1000,0,1787200005.0,1
2,INTC,101.454615,1787200005.485,548,1000,1,1787200005.0,1
2,MSFT,101.322328,1787200005.485,548,1000,0,1787200005.0,1
2,AAPL,99.916925,1787200005.495,549,1000,0,1787200005.0,1
2,INTC,101.474039,1787200005.495,549,1000,1,1787200005.0,1
2,MSFT,101.450025,1787200005.495,549,1000,0,1787200005.0,1
2,AAPL,99.936049,1787200005.505,550,1000,0,1787200005.0,1
2,INTC,101.454249,1787200005.505,550,1000,1,1787200005.0,1
2,MSFT,101.460348,1787200005.505,550,1000,0,1787200005.0,1
2,AAPL,99.980786,1787200005.515,551,1000,0,1787200005.0,1
2,INTC,101.48626,1787200005.515,551,1000,1,1787200005.0,1
2,MSFT,101.381706,1787200005.515,551,1000,0,1787200005.0,1
2,AAPL,99.991183,1787200005.525,552,1000,0,1787200005.0,1
2,INTC,101.476103,1787200005.525,552,1000,1,1787200005.0,1
2,MSFT,101.426615,1787200005.525,552,1000,0,1787200005.0,1
2,AAPL,99.981399,1787200005.535,553,1000,0,1787200005.0,1
2,INTC,101.427156,1787200005.535,553,1000,1,1787200005.0,1
2,MSFT,101.506374,1787200005.535,553,1000,0,1787200005.0,1
2,AAPL,99.961001,1787200005.545,554,1000,0,1787200005.0,1
2,INTC,101.432985,1787200005.545,554,1000,1,1787200005.0,1
2,MSFT,101.482321,1787200005.545,554,1000,0,1787200005.0,1
2,AAPL,99.958037,1787200005.555,555,1000,0,1787200005.0,1
2,INTC,101.42449,1787200005.555,555,1000,1,1787200005.0,1
2,MSFT,101.538476,1787200005.555,555,1000,0,1787200005.0,1
2,AAPL,100.005199,1787200005.565,556,1000,0,1787200005.0,1
2,INTC,101.391306,1787200005.565,556,1000,1,1787200005.0,1
2,MSFT,101.485781,1787200005.565,556,1000,0,1787200005.0,1
2,AAPL,99.956293,1787200005.575,557,1000,0,1787200005.0,1
2,INTC,101.390403,1787200005.575,557,1000,1,1787200005.0,1
2,MSFT,101.521136,1787200005.575,557,1000,0,1787200005.0,1
2,AAPL,99.923889,1787200005.585,558,1000,0,1787200005.0,1
2,INTC,101.443813,1787200005.585,558,1000,1,1787200005.0,1
2,MSFT,101.556495,1787200005.585,558,1000,0,1787200005.0,1
2,AAPL,99.879062,1787200005.595,559,1000,0,1787200005.0,1
2,INTC,101.491677,1787200005.595,559,1000,1,1787200005.0,1
2,MSFT,101.513364,1787200005.595,559,1000,0,1787200005.0,1
2,AAPL,99.873941,1787200005.605,560,1000,0,1787200005.0,1
2,INTC,101.46321,1787200005.605,560,1000,1,1787200005.0,1
2,MSFT,101.551882,1787200005.605,560,1000,0,1787200005.0,1
2,AAPL,99.930585,1787200005.615,561,1000,0,1787200005.0,1
2,INTC,101.442138,1787200005.615,561,1000,1,1787200005.0,1
2,MSFT,101.581114,1787200005.615,561,1000,0,1787200005.0,1
2,AAPL,99.901401,1787200005.625,562,1000,0,1787200005.0,1
2,INTC,101.398244,1787200005.625,562,1000,1,1787200005.0,1
2,MSFT,101.666901,1787200005.625,562,1000,0,1787200005.0,1
2,AAPL,99.933494,1787200005.635,563,1000,0,1787200005.0,1
2,INTC,101.425787,1787200005.635,563,1000,1,1787200005.0,1
2,MSFT,101.628168,1787200005.635,563,1000,0,1787200005.0,1
2,AAPL,99.955165,1787200005.645,564,1000,0,1787200005.0,1
2,INTC,101.457719,1787200005.645,564,1000,1,1787200005.0,1
2,MSFT,101.659873,1787200005.645,564,1000,0,1787200005.0,1
2,AAPL,99.87838,1787200005.655,565,1000,0,1787200005.0,1
2,INTC,101.348269,1787200005.655,565,1000,1,1787200005.0,1
2,MSFT,101.683233,1787200005.655,565,1000,0,1787200005.0,1
2,AAPL,99.86563,1787200005.665,566,1000,0,1787200005.0,1
2,INTC,101.340161,1787200005.665,566,1000,1,1787200005.0,1
2,MSFT,101.693342,1787200005.665,566,1000,0,1787200005.0,1
2,AAPL,99.96038,1787200005.675,567,1000,0,1787200005.0,1
2,INTC,101.360803,1787200005.675,567,1000,1,1787200005.0,1
2,MSFT,101.7049,1787200005.675,567,1000,0,1787200005.0,1
2,AAPL,99.880114,1787200005.685,568,1000,0,1787200005.0,1
2,INTC,101.37218,1787200005.685,568,1000,1,1787200005.0,1
2,MSFT,101.75023,1787200005.685,568,1000,0,1787200005.0,1
2,AAPL,99.830009,1787200005.695,569,1000,0,1787200005.0,1
2,INTC,101.312779,1787200005.695,569,1000,1,1787200005.0,1
2,MSFT,101.74869,1787200005.695,569,1000,0,1787200005.0,1
2,AAPL,99.899299,1787200005.705,570,1000,0,1787200005.0,1
2,INTC,101.411617,1787200005.705,570,1000,1,1787200005.0,1
2,MSFT,101.67269,1787200005.705,570,1000,0,1787200005.0,1
2,AAPL,99.931966,1787200005.715,571,1000,0,1787200005.0,1
2,INTC,101.523834,1787200005.715,571,1000,1,1787200005.0,1
2,MSFT,101.691656,1787200005.715,571,1000,0,1787200005.0,1
2,AAPL,99.997875,1787200005.725,572,1000,0,1787200005.0,1
2,INTC,101.522151,1787200005.725,572,1000,1,1787200005.0,1
2,MSFT,101.68283,1787200005.725,572,1000,0,1787200005.0,1
2,AAPL,100.056445,1787200005.735,573,1000,0,1787200005.0,1
2,INTC,101.491744,1787200005.735,573,1000,1,1787200005.0,1
2,MSFT,101.65882,1787200005.735,573,1000,0,1787200005.0,1
2,AAPL,100.048271,1787200005.745,574,1000,0,1787200005.0,1
2,INTC,101.431389,1787200005.745,574,1000,1,1787200005.0,1
2,MSFT,101.669126,1787200005.745,574,1000,0,1787200005.0,1
2,AAPL,100.099254,1787200005.755,575,1000,0,1787200005.0,1
2,INTC,101.435044,1787200005.755,575,1000,1,1787200005.0,1
2,MSFT,101.682305,1787200005.755,575,1000,0,1787200005.0,1
2,AAPL,100.130912,1787200005.765,576,1000,0,1787200005.0,1
2,INTC,101.469465,1787200005.765,576,1000,1,1787200005.0,1
2,MSFT,101.734733,1787200005.765,576,1000,0,1787200005.0,1
2,AAPL,100.090832,1787200005.775,577,1000,0,1787200005.0,1
2,INTC,101.507237,1787200005.775,577,1000,1,1787200005.0,1
2,MSFT,101.696392,1787200005.775,577,1000,0,1787200005.0,1
2,AAPL,100.086896,1787200005.785,578,1000,0,1787200005.0,1
2,INTC,101.496582,1787200005.785,578,1000,1,1787200005.0,1
2,MSFT,101.627023,1787200005.785,578,1000,0,1787200005.0,1
2,AAPL,100.140493,1787200005.795,579,1000,0,1787200005.0,1
2,INTC,101.483817,1787200005.795,579,1000,1,1787200005.0,1
2,MSFT,101.526054,1787200005.795,579,1000,0,1787200005.0,1
2,AAPL,100.114713,1787200005.805,580,1000,0,1787200005.0,1
2,INTC,101.540702,1787200005.805,580,1000,1,1787200005.0,1
2,MSFT,101.441921,1787200005.805,580,1000,0,1787200005.0,1
2,AAPL,100.10038,1787200005.815,581,1000,0,1787200005.0,1
2,INTC,101.435457,1787200005.815,581,1000,1,1787200005.0,1
2,MSFT,101.419239,1787200005.815,581,1000,0,1787200005.0,1
2,AAPL,100.103509,1787200005.825,582,1000,0,1787200005.0,1
2,INTC,101.349013,1787200005.825,582,1000,1,1787200005.0,1
2,MSFT,101.473794,1787200005.825,582,1000,0,1787200005.0,1
2,AAPL,100.092813,1787200005.835,583,1000,0,1787200005.0,1
2,INTC,101.2486,1787200005.835,583,1000,1,1787200005.0,1
2,MSFT,101.479921,1787200005.835,583,1000,0,1787200005.0,1
2,AAPL,100.120371,1787200005.845,584,1000,0,1787200005.0,1
2,INTC,101.141728,1787200005.845,584,1000,1,1787200005.0,1
2,MSFT,101.552274,1787200005.845,584,1000,0,1787200005.0,1
2,AAPL,100.127458,1787200005.855,585,1000,0,1787200005.0,1
2,INTC,101.063865,1787200005.855,585,1000,1,1787200005.0,1
2,MSFT,101.624589,1787200005.855,585,1000,0,1787200005.0,1
2,AAPL,100.115014,1787200005.865,586,1000,0,1787200005.0,1
2,INTC,101.119756,1787200005.865,586,1000,1,1787200005.0,1
2,MSFT,101.678739,1787200005.865,586,1000,0,1787200005.0,1
2,AAPL,100.078776,1787200005.875,587,1000,0,1787200005.0,1
2,INTC,101.188749,1787200005.875,587,1000,1,1787200005.0,1
2,MSFT,101.724726,1787200005.875,587,1000,0,1787200005.0,1
2,AAPL,100.033522,1787200005.885,588,1000,0,1787200005.0,1
2,INTC,101.183934,1787200005.885,588,1000,1,1787200005.0,1
2,MSFT,101.72559,1787200005.885,588,1000,0,1787200005.0,1
2,AAPL,100.127321,1787200005.895,589,1000,0,1787200005.0,1
2,INTC,101.237299,1787200005.895,589,1000,1,1787200005.0,1
2,MSFT,101.759227,1787200005.895,589,1000,0,1787200005.0,1
2,AAPL,100.092544,1787200005.905,590,1000,0,1787200005.0,1
2,INTC,101.176224,1787200005.905,590,1000,1,1787200005.0,1
2,MSFT,101.723451,1787200005.905,590,1000,0,1787200005.0,1
2,AAPL,100.018917,1787200005.915,591,1000,0,1787200005.0,1
2,INTC,101.184141,1787200005.915,591,1000,1,1787200005.0,1
2,MSFT,101.773778,1787200005.915,591,1000,0,1787200005.0,1
2,AAPL,100.000099,1787200005.925,592,1000,0,1787200005.0,1
2,INTC,101.246412,1787200005.925,592,1000,1,1787200005.0,1
2,MSFT,101.784124,1787200005.925,592,1000,0,1787200005.0,1
2,AAPL,100.066462,1787200005.935,593,1000,0,1787200005.0,1
2,INTC,101.296411,1787200005.935,593,1000,1,1787200005.0,1
2,MSFT,101.697798,1787200005.935,593,1000,0,1787200005.0,1
2,AAPL,100.145961,1787200005.945,594,1000,0,1787200005.0,1
2,INTC,101.302877,1787200005.945,594,1000,1,1787200005.0,1
2,MSFT,101.596868,1787200005.945,594,1000,0,1787200005.0,1
2,AAPL,100.175381,1787200005.955,595,1000,0,1787200005.0,1
2,INTC,101.209566,1787200005.955,595,1000,1,1787200005.0,1
2,MSFT,101.514525,1787200005.955,595,1000,0,1787200005.0,1
2,AAPL,100.214497,1787200005.965,596,1000,0,1787200005.0,1
2,INTC,101.200395,1787200005.965,596,1000,1,1787200005.0,1
2,MSFT,101.562695,1787200005.965,596,1000,0,1787200005.0,1
2,AAPL,100.237583,1787200005.975,597,1000,0,1787200005.0,1
2,INTC,101.181631,1787200005.975,597,1000,1,1787200005.0,1
2,MSFT,101.448409,1787200005.975,597,1000,0,1787200005.0,1
2,AAPL,100.303464,1787200005.985,598,1000,0,1787200005.0,1
2,INTC,101.188957,1787200005.985,598,1000,1,1787200005.0,1
2,MSFT,101.445089,1787200005.985,598,1000,0,1787200005.0,1
2,AAPL,100.37235,1787200005.995,599,1000,0,1787200005.0,1
2,INTC,101.197481,1787200005.995,599,1000,1,1787200005.0,1
2,MSFT,101.385058,1787200005.995,599,1000,0,1787200005.0,1
2,AAPL,100.333082,1787200006.005,600,1000,0,1787200006.0,1
2,INTC,101.253207,1787200006.005,600,1000,1,1787200006.0,1
2,MSFT,101.444765,1787200006.005,600,1000,0,1787200006.0,1
2,AAPL,100.337382,1787200006.015,601,1000,0,1787200006.0,1
2,INTC,101.260538,1787200006.015,601,1000,1,1787200006.0,1
2,MSFT,101.47268,1787200006.015,601,1000,0,1787200006.0,1
2,AAPL,100.373709,1787200006.025,602,1000,0,1787200006.0,1
2,INTC,101.282427,1787200006.025,602,1000,1,1787200006.0,1
2,MSFT,101.489892,1787200006.025,602,1000,0,1787200006.0,1
2,AAPL,100.341886,1787200006.035,603,1000,0,1787200006.0,1
2,INTC,101.28622,1787200006.035,603,1000,1,1787200006.0,1
2,MSFT,101.454703,1787200006.035,603,1000,0,1787200006.0,1
2,AAPL,100.303886,1787200006.045,604,1000,0,1787200006.0,1
2,INTC,101.335194,1787200006.045,604,1000,1,1787200006.0,1
2,MSFT,101.456671,1787200006.045,604,1000,0,1787200006.0,1
2,AAPL,100.275407,1787200006.055,605,1000,0,1787200006.0,1
2,INTC,101.270334,1787200006.055,605,1000,1,1787200006.0,1
2,MSFT,101.499908,1787200006.055,605,1000,0,1787200006.0,1
2,AAPL,100.244603,1787200006.065,606,1000,0,1787200006.0,1
2,INTC,101.372886,1787200006.065,606,1000,1,1787200006.0,1
2,MSFT,101.529222,1787200006.065,606,1000,0,1787200006.0,1
2,AAPL,100.25913,1787200006.075,607,1000,0,1787200006.0,1
2,INTC,101.45177,1787200006.075,607,1000,1,1787200006.0,1
2,MSFT,101.419818,1787200006.075,607,1000,0,1787200006.0,1
2,AAPL,100.230099,1787200006.085,608,1000,0,1787200006.0,1
2,INTC,101.524722,1787200006.085,608,1000,1,1787200006.0,1
2,MSFT,101.346635,1787200006.085,608,1000,0,1787200006.0,1
2,AAPL,100.217948,1787200006.095,609,1000,0,1787200006.0,1
2,INTC,101.62451,1787200006.095,609,1000,1,1787200006.0,1
2,MSFT,101.383493,1787200006.095,609,1000,0,1787200006.0,1
2,AAPL,100.172553,1787200006.105,610,1000,0,1787200006.0,1
2,INTC,101.542014,1787200006.105,610,1000,1,1787200006.0,1
2,MSFT,101.425128,1787200006.105,610,1000,0,1787200006.0,1
2,AAPL,100.264239,1787200006.115,611,1000,0,1787200006.0,1
2,INTC,101.593437,1787200006.115,611,1000,1,1787200006.0,1
2,MSFT,101.348772,1787200006.115,611,1000,0,1787200006.0,1
2,AAPL,100.300454,1787200006.125,612,1000,0,1787200006.0,1
2,INTC,101.645061,1787200006.125,612,1000,1,1787200006.0,1
2,MSFT,101.316227,1787200006.125,612,1000,0,1787200006.0,1
2,AAPL,100.296651,1787200006.135,613,1000,0,1787200006.0,1
2,INTC,101.618177,1787200006.135,613,1000,1,1787200006.0,1
2,MSFT,101.378593,1787200006.135,613,1000,0,1787200006.0,1
2,AAPL,100.338523,1787200006.145,614,1000,0,1787200006.0,1
2,INTC,101.572632,1787200006.145,614,1000,1,1787200006.0,1
2,MSFT,101.350452,1787200006.145,614,1000,0,1787200006.0,1
2,AAPL,100.355523,1787200006.155,615,1000,0,1787200006.0,1
2,INTC,101.524792,1787200006.155,615,1000,1,1787200006.0,1
2,MSFT,101.314687,1787200006.155,615,1000,0,1787200006.0,1
2,AAPL,100.366902,1787200006.165,616,1000,0,1787200006.0,1
2,INTC,101.600115,1787200006.165,616,1000,1,1787200006.0,1
2,MSFT,101.279397,1787200006.165,616,1000,0,1787200006.0,1
2,AAPL,100.35787,1787200006.175,617,1000,0,1787200006.0,1
2,INTC,101.724308,1787200006.175,617,1000,1,1787200006.0,1
2,MSFT,101.210899,1787200006.175,617,1000,0,1787200006.0,1
2,AAPL,100.388885,1787200006.185,618,1000,0,1787200006.0,1
2,INTC,101.797404,1787200006.185,618,1000,1,1787200006.0,1
2,MSFT,101.255592,1787200006.185,618,1000,0,1787200006.0,1
2,AAPL,100.448546,1787200006.195,619,1000,0,1787200006.0,1
2,INTC,101.806178,1787200006.195,619,1000,1,1787200006.0,1
2,MSFT,101.27175,1787200006.195,619,1000,0,1787200006.0,1
2,AAPL,100.443427,1787200006.205,620,1000,0,1787200006.0,1
2,INTC,101.750953,1787200006.205,620,1000,1,1787200006.0,1
2,MSFT,101.31642,1787200006.205,620,1000,0,1787200006.0,1
2,AAPL,100.46646,1787200006.215,621,1000,0,1787200006.0,1
2,INTC,101.760932,1787200006.215,621,1000,1,1787200006.0,1
2,MSFT,101.28827,1787200006.215,621,1000,0,1787200006.0,1
2,AAPL,100.473036,1787200006.225,622,1000,0,1787200006.0,1
2,INTC,101.74572,1787200006.225,622,1000,1,1787200006.0,1
2,MSFT,101.290552,1787200006.225,622,1000,0,1787200006.0,1
2,AAPL,100.462176,1787200006.235,623,1000,0,1787200006.0,1
2,INTC,101.759941,1787200006.235,623,1000,1,1787200006.0,1
2,MSFT,101.219765,1787200006.235,623,1000,0,1787200006.0,1
2,AAPL,100.459352,1787200006.245,624,1000,0,1787200006.0,1
2,INTC,101.721095,1787200006.245,624,1000,1,1787200006.0,1
2,MSFT,101.260727,1787200006.245,624,1000,0,1787200006.0,1
2,AAPL,100.42992,1787200006.255,625,1000,0,1787200006.0,1
2,INTC,101.684546,1787200006.255,625,1000,1,1787200006.0,1
2,MSFT,101.32867,1787200006.255,625,1000,0,1787200006.0,1
2,AAPL,100.526783,1787200006.265,626,1000,0,1787200006.0,1
2,INTC,101.669455,1787200006.265,626,1000,1,1787200006.0,1
2,MSFT,101.297887,1787200006.265,626,1000,0,1787200006.0,1
2,AAPL,100.513725,1787200006.275,627,1000,0,1787200006.0,1
2,INTC,101.678488,1787200006.275,627,1000,1,1787200006.0,1
2,MSFT,101.295438,1787200006.275,627,1000,0,1787200006.0,1
2,AAPL,100.576264,1787200006.285,628,1000,0,1787200006.0,1
2,INTC,101.653997,1787200006.285,628,1000,1,1787200006.0,1
2,MSFT,101.304552,1787200006.285,628,1000,0,1787200006.0,1
2,AAPL,100.543493,1787200006.295,629,1000,0,1787200006.0,1
2,INTC,101.510076,1787200006.295,629,1000,1,1787200006.0,1
2,MSFT,101.301936,1787200006.295,629,1000,0,1787200006.0,1
2,AAPL,100.467763,1787200006.305,630,1000,0,1787200006.0,1
2,INTC,101.484515,1787200006.305,630,1000,1,1787200006.0,1
2,MSFT,101.302874,1787200006.305,630,1000,0,1787200006.0,1
2,AAPL,100.481388,1787200006.315,631,1000,0,1787200006.0,1
2,INTC,101.511146,1787200006.315,631,1000,1,1787200006.0,1
2,MSFT,101.286256,1787200006.315,631,1000,0,1787200006.0,1
2,AAPL,100.427383,1787200006.325,632,1000,0,1787200006.0,1
2,INTC,101.637655,1787200006.325,632,1000,1,1787200006.0,1
2,MSFT,101.184647,1787200006.325,632,1000,0,1787200006.0,1
2,AAPL,100.456203,1787200006.335,633,1000,0,1787200006.0,1
2,INTC,101.672763,1787200006.335,633,1000,1,1787200006.0,1
2,MSFT,101.120219,1787200006.335,633,1000,0,1787200006.0,1
2,AAPL,100.39149,1787200006.345,634,1000,0,1787200006.0,1
2,INTC,101.740947,1787200006.345,634,1000,1,1787200006.0,1
2,MSFT,101.131019,1787200006.345,634,1000,0,1787200006.0,1
2,AAPL,100.366943,1787200006.355,635,1000,0,1787200006.0,1
2,INTC,101.740253,1787200006.355,635,1000,1,1787200006.0,1
2,MSFT,101.199519,1787200006.355,635,1000,0,1787200006.0,1
2,AAPL,100.402944,1787200006.365,636,1000,0,1787200006.0,1
2,INTC,101.827321,1787200006.365,636,1000,1,1787200006.0,1
2,MSFT,101.180646,1787200006.365,636,1000,0,1787200006.0,1
2,AAPL,100.367024,1787200006.375,637,1000,0,1787200006.0,1
2,INTC,101.686556,1787200006.375,637,1000,1,1787200006.0,1
2,MSFT,101.249536,1787200006.375,637,1000,0,1787200006.0,1
2,AAPL,100.266599,1787200006.385,638,1000,0,1787200006.0,1
2,INTC,101.665881,1787200006.385,638,1000,1,1787200006.0,1
2,MSFT,101.227572,1787200006.385,638,1000,0,1787200006.0,1
2,AAPL,100.249374,1787200006.395,639,1000,0,1787200006.0,1
2,INTC,101.631011,1787200006.395,639,1000,1,1787200006.0,1
2,MSFT,101.188951,1787200006.395,639,1000,0,1787200006.0,1
2,AAPL,100.307219,1787200006.405,640,1000,0,1787200006.0,1
2,INTC,101.635371,1787200006.405,640,1000,1,1787200006.0,1
2,MSFT,101.21579,1787200006.405,640,1000,0,1787200006.0,1
2,AAPL,100.207155,1787200006.415,641,1000,0,1787200006.0,1
2,INTC,101.678654,1787200006.415,641,1000,1,1787200006.0,1
2,MSFT,101.243069,1787200006.415,641,1000,0,1787200006.0,1
2,AAPL,100.214275,1787200006.425,642,1000,0,1787200006.0,1
2,INTC,101.706403,1787200006.425,642,1000,1,1787200006.0,1
2,MSFT,101.271642,1787200006.425,642,1000,0,1787200006.0,1
2,AAPL,100.237902,1787200006.435,643,1000,0,1787200006.0,1
2,INTC,101.637671,1787200006.435,643,1000,1,1787200006.0,1
2,MSFT,101.257059,1787200006.435,643,1000,0,1787200006.0,1
2,AAPL,100.32682,1787200006.445,644,1000,0,1787200006.0,1
2,INTC,101.538649,1787200006.445,644,1000,1,1787200006.0,1
2,MSFT,101.357982,1787200006.445,644,1000,0,1787200006.0,1
2,AAPL,100.314395,1787200006.455,645,1000,0,1787200006.0,1
2,INTC,101.507577,1787200006.455,645,1000,1,1787200006.0,1
2,MSFT,101.372553,1787200006.455,645,1000,0,1787200006.0,1
2,AAPL,100.457674,1787200006.465,646,1000,0,1787200006.0,1
2,INTC,101.439364,1787200006.465,646,1000,1,1787200006.0,1
2,MSFT,101.354045,1787200006.465,646,1000,0,1787200006.0,1
2,AAPL,100.473652,1787200006.475,647,1000,0,1787200006.0,1
2,INTC,101.393336,1787200006.475,647,1000,1,1787200006.0,1
2,MSFT,101.34068,1787200006.475,647,1000,0,1787200006.0,1
2,AAPL,100.500046,1787200006.485,648,1000,0,1787200006.0,1
2,INTC,101.41888,1787200006.485,648,1000,1,1787200006.0,1
2,MSFT,101.374302,1787200006.485,648,1000,0,1787200006.0,1
2,AAPL,100.571704,1787200006.495,649,1000,0,1787200006.0,1
2,INTC,101.467108,1787200006.495,649,1000,1,1787200006.0,1
2,MSFT,101.36114,1787200006.495,649,1000,0,1787200006.0,1
2,AAPL,100.512658,1787200006.505,650,1000,0,1787200006.0,1
2,INTC,101.464434,1787200006.505,650,1000,1,1787200006.0,1
2,MSFT,101.422213,1787200006.505,650,1000,0,1787200006.0,1
2,AAPL,100.570607,1787200006.515,651,1000,0,1787200006.0,1
2,INTC,101.412143,1787200006.515,651,1000,1,1787200006.0,1
2,MSFT,101.452447,1787200006.515,651,1000,0,1787200006.0,1
2,AAPL,100.472956,1787200006.525,652,1000,0,1787200006.0,1
2,INTC,101.374688,1787200006.525,652,1000,1,1787200006.0,1
2,MSFT,101.382193,1787200006.525,652,1000,0,1787200006.0,1
2,AAPL,100.544946,1787200006.535,653,1000,0,1787200006.0,1
2,INTC,101.312363,1787200006.535,653,1000,1,1787200006.0,1
2,MSFT,101.383934,1787200006.535,653,1000,0,1787200006.0,1
2,AAPL,100.541398,1787200006.545,654,1000,0,1787200006.0,1
2,INTC,101.234138,1787200006.545,654,1000,1,1787200006.0,1
2,MSFT,101.419419,1787200006.545,654,1000,0,1787200006.0,1
2,AAPL,100.622123,1787200006.555,655,1000,0,1787200006.0,1
2,INTC,101.297904,1787200006.555,655,1000,1,1787200006.0,1
2,MSFT,101.385292,1787200006.555,655,1000,0,1787200006.0,1
2,AAPL,100.660999,1787200006.565,656,1000,0,1787200006.0,1
2,INTC,101.276672,1787200006.565,656,1000,1,1787200006.0,1
2,MSFT,101.422367,1787200006.565,656,1000,0,1787200006.0,1
2,AAPL,100.688941,1787200006.575,657,1000,0,1787200006.0,1
2,INTC,101.318901,1787200006.575,657,1000,1,1787200006.0,1
2,MSFT,101.381565,1787200006.575,657,1000,0,1787200006.0,1
2,AAPL,100.761489,1787200006.585,658,1000,0,1787200006.0,1
2,INTC,101.336957,1787200006.585,658,1000,1,1787200006.0,1
2,MSFT,101.415988,1787200006.585,658,1000,0,1787200006.0,1
2,AAPL,100.756487,1787200006.595,659,1000,0,1787200006.0,1
2,INTC,101.340689,1787200006.595,659,1000,1,1787200006.0,1
2,MSFT,101.310909,1787200006.595,659,1000,0,1787200006.0,1
2,AAPL,100.785328,1787200006.605,660,1000,0,1787200006.0,1
2,INTC,101.332771,1787200006.605,660,1000,1,1787200006.0,1
2,MSFT,101.320733,1787200006.605,660,1000,0,1787200006.0,1
2,AAPL,100.759617,1787200006.615,661,1000,0,1787200006.0,1
2,INTC,101.320287,1787200006.615,661,1000,1,1787200006.0,1
2,MSFT,101.373282,1787200006.615,661,1000,0,1787200006.0,1
2,AAPL,100.725138,1787200006.625,662,1000,0,1787200006.0,1
2,INTC,101.366332,1787200006.625,662,1000,1,1787200006.0,1
2,MSFT,101.415002,1787200006.625,662,1000,0,1787200006.0,1
2,AAPL,100.776961,1787200006.635,663,1000,0,1787200006.0,1
2,INTC,101.392386,1787200006.635,663,1000,1,1787200006.0,1
2,MSFT,101.500548,1787200006.635,663,1000,0,1787200006.0,1
2,AAPL,100.761076,1787200006.645,664,1000,0,1787200006.0,1
2,INTC,101.360695,1787200006.645,664,1000,1,1787200006.0,1
2,MSFT,101.45747,1787200006.645,664,1000,0,1787200006.0,1
2,AAPL,100.722208,1787200006.655,665,1000,0,1787200006.0,1
2,INTC,101.37213,1787200006.655,665,1000,1,1787200006.0,1
2,MSFT,101.358485,1787200006.655,665,1000,0,1787200006.0,1
2,AAPL,100.711983,1787200006.665,666,1000,0,1787200006.0,1
2,INTC,101.40883,1787200006.665,666,1000,1,1787200006.0,1
2,MSFT,101.382392,1787200006.665,666,1000,0,1787200006.0,1
2,AAPL,100.694685,1787200006.675,667,1000,0,1787200006.0,1
2,INTC,101.402931,1787200006.675,667,1000,1,1787200006.0,1
2,MSFT,101.439374,1787200006.675,667,1000,0,1787200006.0,1
2,AAPL,100.763687,1787200006.685,668,1000,0,1787200006.0,1
2,INTC,101.492307,1787200006.685,668,1000,1,1787200006.0,1
2,MSFT,101.451862,1787200006.685,668,1000,0,1787200006.0,1
2,AAPL,100.829153,1787200006.695,669,1000,0,1787200006.0,1
2,INTC,101.44633,1787200006.695,669,1000,1,1787200006.0,1
2,MSFT,101.366524,1787200006.695,669,1000,0,1787200006.0,1
2,AAPL,100.842648,1787200006.705,670,1000,0,1787200006.0,1
2,INTC,101.417873,1787200006.705,670,1000,1,1787200006.0,1
2,MSFT,101.276461,1787200006.705,670,1000,0,1787200006.0,1
2,AAPL,100.905192,1787200006.715,671,1000,0,1787200006.0,1
2,INTC,101.425079,1787200006.715,671,1000,1,1787200006.0,1
2,MSFT,101.336642,1787200006.715,671,1000,0,1787200006.0,1
2,AAPL,100.920908,1787200006.725,672,1000,0,1787200006.0,1
2,INTC,101.344004,1787200006.725,672,1000,1,1787200006.0,1
2,MSFT,101.281834,1787200006.725,672,1000,0,1787200006.0,1
2,AAPL,100.916917,1787200006.735,673,1000,0,1787200006.0,1
2,INTC,101.280703,1787200006.735,673,1000,1,1787200006.0,1
2,MSFT,101.268088,1787200006.735,673,1000,0,1787200006.0,1
2,AAPL,100.986163,1787200006.745,674,1000,0,1787200006.0,1
2,INTC,101.278316,1787200006.745,674,1000,1,1787200006.0,1
2,MSFT,101.325429,1787200006.745,674,1000,0,1787200006.0,1
2,AAPL,100.956652,1787200006.755,675,1000,0,1787200006.0,1
2,INTC,101.280328,1787200006.755,675,1000,1,1787200006.0,1
2,MSFT,101.297617,1787200006.755,675,1000,0,1787200006.0,1
2,AAPL,100.951559,1787200006.765,676,1000,0,1787200006.0,1
2,INTC,101.252985,1787200006.765,676,1000,1,1787200006.0,1
2,MSFT,101.305875,1787200006.765,676,1000,0,1787200006.0,1
2,AAPL,100.98594,1787200006.775,677,1000,0,1787200006.0,1
2,INTC,101.233805,1787200006.775,677,1000,1,1787200006.0,1
2,MSFT,101.287003,1787200006.775,677,1000,0,1787200006.0,1
2,AAPL,101.004505,1787200006.785,678,1000,0,1787200006.0,1
2,INTC,101.276158,1787200006.785,678,1000,1,1787200006.0,1
2,MSFT,101.341748,1787200006.785,678,1000,0,1787200006.0,1
2,AAPL,101.032986,1787200006.795,679,1000,0,1787200006.0,1
2,INTC,101.27075,1787200006.795,679,1000,1,1787200006.0,1
2,MSFT,101.435199,1787200006.795,679,1000,0,1787200006.0,1
2,AAPL,101.162853,1787200006.805,680,1000,0,1787200006.0,1
2,INTC,101.253372,1787200006.805,680,1000,1,1787200006.0,1
2,MSFT,101.41355,1787200006.805,680,1000,0,1787200006.0,1
2,AAPL,101.175737,1787200006.815,681,1000,0,1787200006.0,1
2,INTC,101.251602,1787200006.815,681,1000,1,1787200006.0,1
2,MSFT,101.439989,1787200006.815,681,1000,0,1787200006.0,1
2,AAPL,101.083243,1787200006.825,682,1000,0,1787200006.0,1
2,INTC,101.188462,1787200006.825,682,1000,1,1787200006.0,1
2,MSFT,101.412538,1787200006.825,682,1000,0,1787200006.0,1
2,AAPL,101.102803,1787200006.835,683,1000,0,1787200006.0,1
2,INTC,101.216091,1787200006.835,683,1000,1,1787200006.0,1
2,MSFT,101.389869,1787200006.835,683,1000,0,1787200006.0,1
2,AAPL,101.086317,1787200006.845,684,1000,0,1787200006.0,1
2,INTC,101.254138,1787200006.845,684,1000,1,1787200006.0,1
2,MSFT,101.377976,1787200006.845,684,1000,0,1787200006.0,1
2,AAPL,101.028622,1787200006.855,685,1000,0,1787200006.0,1
2,INTC,101.267708,1787200006.855,685,1000,1,1787200006.0,1
2,MSFT,101.488965,1787200006.855,685,1000,0,1787200006.0,1
2,AAPL,101.019503,1787200006.865,686,1000,0,1787200006.0,1
2,INTC,101.266634,1787200006.865,686,1000,1,1787200006.0,1
2,MSFT,101.484024,1787200006.865,686,1000,0,1787200006.0,1
2,AAPL,101.023213,1787200006.875,687,1000,0,1787200006.0,1
2,INTC,101.342732,1787200006.875,687,1000,1,1787200006.0,1
2,MSFT,101.552559,1787200006.875,687,1000,0,1787200006.0,1
2,AAPL,101.013159,1787200006.885,688,1000,0,1787200006.0,1
2,INTC,101.346877,1787200006.885,688,1000,1,1787200006.0,1
2,MSFT,101.594301,1787200006.885,688,1000,0,1787200006.0,1
2,AAPL,101.089071,1787200006.895,689,1000,0,1787200006.0,1
2,INTC,101.288837,1787200006.895,689,1000,1,1787200006.0,1
2,MSFT,101.536207,1787200006.895,689,1000,0,1787200006.0,1
2,AAPL,101.126109,1787200006.905,690,1000,0,1787200006.0,1
2,INTC,101.113768,1787200006.905,690,1000,1,1787200006.0,1
2,MSFT,101.577557,1787200006.905,690,1000,0,1787200006.0,1
2,AAPL,101.072032,1787200006.915,691,1000,0,1787200006.0,1
2,INTC,101.105103,1787200006.915,691,1000,1,1787200006.0,1
2,MSFT,101.560059,1787200006.915,691,1000,0,1787200006.0,1
2,AAPL,101.017196,1787200006.925,692,1000,0,1787200006.0,1
2,INTC,101.04397,1787200006.925,692,1000,1,1787200006.0,1
2,MSFT,101.664691,1787200006.925,692,1000,0,1787200006.0,1
2,AAPL,100.987294,1787200006.935,693,1000,0,1787200006.0,1
2,INTC,101.053509,1787200006.935,693,1000,1,1787200006.0,1
2,MSFT,101.639709,1787200006.935,693,1000,0,1787200006.0,1
2,AAPL,101.036129,1787200006.945,694,1000,0,1787200006.0,1
2,INTC,101.056686,1787200006.945,694,1000,1,1787200006.0,1
2,MSFT,101.659519,1787200006.945,694,1000,0,1787200006.0,1
2,AAPL,101.03129,1787200006.955,695,1000,0,1787200006.0,1
2,INTC,101.043708,1787200006.955,695,1000,1,1787200006.0,1
2,MSFT,101.539017,1787200006.955,695,1000,0,1787200006.0,1
2,AAPL,101.011991,1787200006.965,696,1000,0,1787200006.0,1
2,INTC,101.042426,1787200006.965,696,1000,1,1787200006.0,1
2,MSFT,101.586408,1787200006.965,696,1000,0,1787200006.0,1
2,AAPL,101.031743,1787200006.975,697,1000,0,1787200006.0,1
2,INTC,100.9911,1787200006.975,697,1000,1,1787200006.0,1
2,MSFT,101.579995,1787200006.975,697,1000,0,1787200006.0,1
2,AAPL,101.11491,1787200006.985,698,1000,0,1787200006.0,1
2,INTC,101.040833,1787200006.985,698,1000,1,1787200006.0,1
2,MSFT,101.584242,1787200006.985,698,1000,0,1787200006.0,1
2,AAPL,101.108664,1787200006.995,699,1000,0,1787200006.0,1
2,INTC,101.003175,1787200006.995,699,1000,1,1787200006.0,1
2,MSFT,101.663945,1787200006.995,699,1000,0,1787200006.0,1
2,AAPL,101.212354,1787200007.005,700,1000,0,1787200007.0,1
2,INTC,100.964531,1787200007.005,700,1000,1,1787200007.0,1
2,MSFT,101.695811,1787200007.005,700,1000,0,1787200007.0,1
2,AAPL,101.194952,1787200007.015,701,1000,0,1787200007.0,1
2,INTC,100.956246,1787200007.015,701,1000,1,1787200007.0,1
2,MSFT,101.731282,1787200007.015,701,1000,0,1787200007.0,1
2,AAPL,101.175772,1787200007.025,702,1000,0,1787200007.0,1
2,INTC,100.876856,1787200007.025,702,1000,1,1787200007.0,1
2,MSFT,101.718215,1787200007.025,702,1000,0,1787200007.0,1
2,AAPL,101.152513,1787200007.035,703,1000,0,1787200007.0,1
2,INTC,100.8453,1787200007.035,703,1000,1,1787200007.0,1
2,MSFT,101.702542,1787200007.035,703,1000,0,1787200007.0,1
2,AAPL,101.160756,1787200007.045,704,1000,0,1787200007.0,1
2,INTC,100.854927,1787200007.045,704,1000,1,1787200007.0,1
2,MSFT,101.759272,1787200007.045,704,1000,0,1787200007.0,1
2,AAPL,101.207445,1787200007.055,705,1000,0,1787200007.0,1
2,INTC,100.902612,1787200007.055,705,1000,1,1787200007.0,1
2,MSFT,101.765193,1787200007.055,705,1000,0,1787200007.0,1
2,AAPL,101.173373,1787200007.065,706,1000,0,1787200007.0,1
2,INTC,100.853141,1787200007.065,706,1000,1,1787200007.0,1
2,MSFT,101.7336,1787200007.065,706,1000,0,1787200007.0,1
2,AAPL,101.222507,1787200007.075,707,1000,0,1787200007.0,1
2,INTC,100.783771,1787200007.075,707,1000,1,1787200007.0,1
2,MSFT,101.779901,1787200007.075,707,1000,0,1787200007.0,1
2,AAPL,101.166049,1787200007.085,708,1000,0,1787200007.0,1
2,INTC,100.829213,1787200007.085,708,1000,1,1787200007.0,1
2,MSFT,101.773343,1787200007.085,708,1000,0,1787200007.0,1
2,AAPL,101.154599,1787200007.095,709,1000,0,1787200007.0,1
2,INTC,100.823109,1787200007.095,709,1000,1,1787200007.0,1
2,MSFT,101.725948,1787200007.095,709,1000,0,1787200007.0,1
2,AAPL,101.127938,1787200007.105,710,1000,0,1787200007.0,1
2,INTC,100.850406,1787200007.105,710,1000,1,1787200007.0,1
2,MSFT,101.61701,1787200007.105,710,1000,0,1787200007.0,1
2,AAPL,101.092599,1787200007.115,711,1000,0,1787200007.0,1
2,INTC,100.849253,1787200007.115,711,1000,1,1787200007.0,1
2,MSFT,101.702268,1787200007.115,711,1000,0,1787200007.0,1
2,AAPL,101.104627,1787200007.125,712,1000,0,1787200007.0,1
2,INTC,100.873302,1787200007.125,712,1000,1,1787200007.0,1
2,MSFT,101.733038,1787200007.125,712,1000,0,1787200007.0,1
2,AAPL,101.078626,1787200007.135,713,1000,0,1787200007.0,1
2,INTC,100.833492,1787200007.135,713,1000,1,1787200007.0,1
2,MSFT,101.646933,1787200007.135,713,1000,0,1787200007.0,1
2,AAPL,101.059371,1787200007.145,714,1000,0,1787200007.0,1
2,INTC,100.757236,1787200007.145,714,1000,1,1787200007.0,1
2,MSFT,101.724222,1787200007.145,714,1000,0,1787200007.0,1
2,AAPL,101.119506,1787200007.155,715,1000,0,1787200007.0,1
2,INTC,100.831149,1787200007.155,715,1000,1,1787200007.0,1
2,MSFT,101.723055,1787200007.155,715,1000,0,1787200007.0,1
2,AAPL,101.012894,1787200007.165,716,1000,0,1787200007.0,1
2,INTC,100.878942,1787200007.165,716,1000,1,1787200007.0,1
2,MSFT,101.732439,1787200007.165,716,1000,0,1787200007.0,1
2,AAPL,101.095352,1787200007.175,717,1000,0,1787200007.0,1
2,INTC,100.918165,1787200007.175,717,1000,1,1787200007.0,1
2,MSFT,101.842511,1787200007.175,717,1000,0,1787200007.0,1
2,AAPL,101.119152,1787200007.185,718,1000,0,1787200007.0,1
2,INTC,100.914342,1787200007.185,718,1000,1,1787200007.0,1
2,MSFT,101.792151,1787200007.185,718,1000,0,1787200007.0,1
2,AAPL,101.153094,1787200007.195,719,1000,0,1787200007.0,1
2,INTC,100.942164,1787200007.195,719,1000,1,1787200007.0,1
2,MSFT,101.691949,1787200007.195,719,1000,0,1787200007.0,1
2,AAPL,101.204171,1787200007.205,720,1000,0,1787200007.0,1
2,INTC,100.961709,1787200007.205,720,1000,1,1787200007.0,1
2,MSFT,101.713137,1787200007.205,720,1000,0,1787200007.0,1
2,AAPL,101.202908,1787200007.215,721,1000,0,1787200007.0,1
2,INTC,100.985161,1787200007.215,721,1000,1,1787200007.0,1
2,MSFT,101.805149,1787200007.215,721,1000,0,1787200007.0,1
2,AAPL,101.174412,1787200007.225,722,1000,0,1787200007.0,1
2,INTC,100.892432,1787200007.225,722,1000,1,1787200007.0,1
2,MSFT,101.693682,1787200007.225,722,1000,0,1787200007.0,1
2,AAPL,101.152316,1787200007.235,723,1000,0,1787200007.0,1
2,INTC,100.920589,1787200007.235,723,1000,1,1787200007.0,1
2,MSFT,101.673146,1787200007.235,723,1000,0,1787200007.0,1
2,AAPL,101.221522,1787200007.245,724,1000,0,1787200007.0,1
2,INTC,100.807262,1787200007.245,724,1000,1,1787200007.0,1
2,MSFT,101.614541,1787200007.245,724,1000,0,1787200007.0,1
2,AAPL,101.228545,1787200007.255,725,1000,0,1787200007.0,1
2,INTC,100.811302,1787200007.255,725,1000,1,1787200007.0,1
2,MSFT,101.656073,1787200007.255,725,1000,0,1787200007.0,1
2,AAPL,101.220076,1787200007.265,726,1000,0,1787200007.0,1
2,INTC,100.781969,1787200007.265,726,1000,1,1787200007.0,1
2,MSFT,101.641875,1787200007.265,726,1000,0,1787200007.0,1
2,AAPL,101.176037,1787200007.275,727,1000,0,1787200007.0,1
2,INTC,100.763287,1787200007.275,727,1000,1,1787200007.0,1
2,MSFT,101.604258,1787200007.275,727,1000,0,1787200007.0,1
2,AAPL,101.196572,1787200007.285,728,1000,0,1787200007.0,1
2,INTC,100.810299,1787200007.285,728,1000,1,1787200007.0,1
2,MSFT,101.601145,1787200007.285,728,1000,0,1787200007.0,1
2,AAPL,101.097109,1787200007.295,729,1000,0,1787200007.0,1
2,INTC,100.80008,1787200007.295,729,1000,1,1787200007.0,1
2,MSFT,101.571749,1787200007.295,729,1000,0,1787200007.0,1
2,AAPL,101.114066,1787200007.305,730,1000,0,1787200007.0,1
2,INTC,100.827975,1787200007.305,730,1000,1,1787200007.0,1
2,MSFT,101.572344,1787200007.305,730,1000,0,1787200007.0,1
2,AAPL,101.126,1787200007.315,731,1000,0,1787200007.0,1
2,INTC,100.905044,1787200007.315,731,1000,1,1787200007.0,1
2,MSFT,101.549602,1787200007.315,731,1000,0,1787200007.0,1
2,AAPL,101.094109,1787200007.325,732,1000,0,1787200007.0,1
2,INTC,100.930835,1787200007.325,732,1000,1,1787200007.0,1
2,MSFT,101.554448,1787200007.325,732,1000,0,1787200007.0,1
2,AAPL,101.029279,1787200007.335,733,1000,0,1787200007.0,1
2,INTC,100.908117,1787200007.335,733,1000,1,1787200007.0,1
2,MSFT,101.666573,1787200007.335,733,1000,0,1787200007.0,1
2,AAPL,101.013283,1787200007.345,734,1000,0,1787200007.0,1
2,INTC,100.968087,1787200007.345,734,1000,1,1787200007.0,1
2,MSFT,101.70442,1787200007.345,734,1000,0,1787200007.0,1
2,AAPL,101.024638,1787200007.355,735,1000,0,1787200007.0,1
2,INTC,100.923772,1787200007.355,735,1000,1,1787200007.0,1
2,MSFT,101.754187,1787200007.355,735,1000,0,1787200007.0,1
2,AAPL,101.078367,1787200007.365,736,1000,0,1787200007.0,1
2,INTC,100.976608,1787200007.365,736,1000,1,1787200007.0,1
2,MSFT,101.713938,1787200007.365,736,1000,0,1787200007.0,1
2,AAPL,101.00056,1787200007.375,737,1000,0,1787200007.0,1
2,INTC,101.03187,1787200007.375,737,1000,1,1787200007.0,1
2,MSFT,101.631112,1787200007.375,737,1000,0,1787200007.0,1
2,AAPL,101.029035,1787200007.385,738,1000,0,1787200007.0,1
2,INTC,101.045189,1787200007.385,738,1000,1,1787200007.0,1
2,MSFT,101.654589,1787200007.385,738,1000,0,1787200007.0,1
2,AAPL,101.104362,1787200007.395,739,1000,0,1787200007.0,1
2,INTC,101.05064,1787200007.395,739,1000,1,1787200007.0,1
2,MSFT,101.602456,1787200007.395,739,1000,0,1787200007.0,1
2,AAPL,101.19375,1787200007.405,740,1000,0,1787200007.0,1
2,INTC,100.982306,1787200007.405,740,1000,1,1787200007.0,1
2,MSFT,101.602112,1787200007.405,740,1000,0,1787200007.0,1
2,AAPL,101.171743,1787200007.415,741,1000,0,1787200007.0,1
2,INTC,100.97954,1787200007.415,741,1000,1,1787200007.0,1
2,MSFT,101.613947,1787200007.415,741,1000,0,1787200007.0,1
2,AAPL,101.09241,1787200007.425,742,1000,0,1787200007.0,1
2,INTC,100.949351,1787200007.425,742,1000,1,1787200007.0,1
2,MSFT,101.632936,1787200007.425,742,1000,0,1787200007.0,1
2,AAPL,101.015461,1787200007.435,743,1000,0,1787200007.0,1
2,INTC,100.945017,1787200007.435,743,1000,1,1787200007.0,1
2,MSFT,101.586825,1787200007.435,743,1000,0,1787200007.0,1
2,AAPL,100.96353,1787200007.445,744,1000,0,1787200007.0,1
2,INTC,101.005058,1787200007.445,744,1000,1,1787200007.0,1
2,MSFT,101.570362,1787200007.445,744,1000,0,1787200007.0,1
2,AAPL,100.978022,1787200007.455,745,1000,0,1787200007.0,1
2,INTC,101.019586,1787200007.455,745,1000,1,1787200007.0,1
2,MSFT,101.576887,1787200007.455,745,1000,0,1787200007.0,1
2,AAPL,100.938595,1787200007.465,746,1000,0,1787200007.0,1
2,INTC,101.059631,1787200007.465,746,1000,1,1787200007.0,1
2,MSFT,101.613138,1787200007.465,746,1000,0,1787200007.0,1
2,AAPL,100.903566,1787200007.475,747,1000,0,1787200007.0,1
2,INTC,101.032468,1787200007.475,747,1000,1,1787200007.0,1
2,MSFT,101.646656,1787200007.475,747,1000,0,1787200007.0,1
2,AAPL,100.909792,1787200007.485,748,1000,0,1787200007.0,1
2,INTC,101.061626,1787200007.485,748,1000,1,1787200007.0,1
2,MSFT,101.656545,1787200007.485,748,1000,0,1787200007.0,1
2,AAPL,100.907125,1787200007.495,749,1000,0,1787200007.0,1
2,INTC,101.029215,1787200007.495,749,1000,1,1787200007.0,1
2,MSFT,101.671172,1787200007.495,749,1000,0,1787200007.0,1
2,AAPL,100.84496,1787200007.505,750,1000,0,1787200007.0,1
2,INTC,100.994691,1787200007.505,750,1000,1,1787200007.0,1
2,MSFT,101.745973,1787200007.505,750,1000,0,1787200007.0,1
2,AAPL,100.778416,1787200007.515,751,1000,0,1787200007.0,1
2,INTC,100.93088,1787200007.515,751,1000,1,1787200007.0,1
2,MSFT,101.739395,1787200007.515,751,1000,0,1787200007.0,1
2,AAPL,100.742808,1787200007.525,752,1000,0,1787200007.0,1
2,INTC,100.872899,1787200007.525,752,1000,1,1787200007.0,1
2,MSFT,101.671666,1787200007.525,752,1000,0,1787200007.0,1
2,AAPL,100.82279,1787200007.535,753,1000,0,1787200007.0,1
2,INTC,100.819969,1787200007.535,753,1000,1,1787200007.0,1
2,MSFT,101.664756,1787200007.535,753,1000,0,1787200007.0,1
2,AAPL,100.861208,1787200007.545,754,1000,0,1787200007.0,1
2,INTC,100.901693,1787200007.545,754,1000,1,1787200007.0,1
2,MSFT,101.758023,1787200007.545,754,1000,0,1787200007.0,1
2,AAPL,100.853081,1787200007.555,755,1000,0,1787200007.0,1
2,INTC,100.973997,1787200007.555,755,1000,1,1787200007.0,1
2,MSFT,101.732743,1787200007.555,755,1000,0,1787200007.0,1
2,AAPL,100.847014,1787200007.565,756,1000,0,1787200007.0,1
2,INTC,101.081256,1787200007.565,756,1000,1,1787200007.0,1
2,MSFT,101.750945,1787200007.565,756,1000,0,1787200007.0,1
2,AAPL,100.794062,1787200007.575,757,1000,0,1787200007.0,1
2,INTC,101.073414,1787200007.575,757,1000,1,1787200007.0,1
2,MSFT,101.799281,1787200007.575,757,1000,0,1787200007.0,1
2,AAPL,100.757973,1787200007.585,758,1000,0,1787200007.0,1
2,INTC,101.054482,1787200007.585,758,1000,1,1787200007.0,1
2,MSFT,101.865603,1787200007.585,758,1000,0,1787200007.0,1
2,AAPL,100.780037,1787200007.595,759,1000,0,1787200007.0,1
2,INTC,101.1175,1787200007.595,759,1000,1,1787200007.0,1
2,MSFT,101.89864,1787200007.595,759,1000,0,1787200007.0,1
2,AAPL,100.816154,1787200007.605,760,1000,0,1787200007.0,1
2,INTC,101.144102,1787200007.605,760,1000,1,1787200007.0,1
2,MSFT,101.979135,1787200007.605,760,1000,0,1787200007.0,1
2,AAPL,100.804542,1787200007.615,761,1000,0,1787200007.0,1
2,INTC,101.177105,1787200007.615,761,1000,1,1787200007.0,1
2,MSFT,102.037696,1787200007.615,761,1000,0,1787200007.0,1
2,AAPL,100.834845,1787200007.625,762,1000,0,1787200007.0,1
2,INTC,101.172938,1787200007.625,762,1000,1,1787200007.0,1
2,MSFT,101.911825,1787200007.625,762,1000,0,1787200007.0,1
2,AAPL,100.799544,1787200007.635,763,1000,0,1787200007.0,1
2,INTC,101.116538,1787200007.635,763,1000,1,1787200007.0,1
2,MSFT,101.92581,1787200007.635,763,1000,0,1787200007.0,1
2,AAPL,100.819234,1787200007.645,764,1000,0,1787200007.0,1
2,INTC,101.118873,1787200007.645,764,1000,1,1787200007.0,1
2,MSFT,101.993975,1787200007.645,764,1000,0,1787200007.0,1
2,AAPL,100.871506,1787200007.655,765,1000,0,1787200007.0,1
2,INTC,101.065918,1787200007.655,765,1000,1,1787200007.0,1
2,MSFT,101.986343,1787200007.655,765,1000,0,1787200007.0,1
2,AAPL,100.918324,1787200007.665,766,1000,0,1787200007.0,1
2,INTC,101.072968,1787200007.665,766,1000,1,1787200007.0,1
2,MSFT,101.963212,1787200007.665,766,1000,0,1787200007.0,1
2,AAPL,100.784183,1787200007.675,767,1000,0,1787200007.0,1
2,INTC,101.123897,1787200007.675,767,1000,1,1787200007.0,1
2,MSFT,101.878452,1787200007.675,767,1000,0,1787200007.0,1
2,AAPL,100.797227,1787200007.685,768,1000,0,1787200007.0,1
2,INTC,101.103169,1787200007.685,768,1000,1,1787200007.0,1
2,MSFT,101.916982,1787200007.685,768,1000,0,1787200007.0,1
2,AAPL,100.81182,1787200007.695,769,1000,0,1787200007.0,1
2,INTC,101.299239,1787200007.695,769,1000,1,1787200007.0,1
2,MSFT,101.993176,1787200007.695,769,1000,0,1787200007.0,1
2,AAPL,100.861014,1787200007.705,770,1000,0,1787200007.0,1
2,INTC,101.269766,1787200007.705,770,1000,1,1787200007.0,1
2,MSFT,101.870813,1787200007.705,770,1000,0,1787200007.0,1
2,AAPL,100.79845,1787200007.715,771,1000,0,1787200007.0,1
2,INTC,101.297044,1787200007.715,771,1000,1,1787200007.0,1
2,MSFT,101.873797,1787200007.715,771,1000,0,1787200007.0,1
2,AAPL,100.695865,1787200007.725,772,1000,0,1787200007.0,1
2,INTC,101.301431,1787200007.725,772,1000,1,1787200007.0,1
2,MSFT,101.927867,1787200007.725,772,1000,0,1787200007.0,1
2,AAPL,100.633774,1787200007.735,773,1000,0,1787200007.0,1
2,INTC,101.349326,1787200007.735,773,1000,1,1787200007.0,1
2,MSFT,101.895071,1787200007.735,773,1000,0,1787200007.0,1
2,AAPL,100.632908,1787200007.745,774,1000,0,1787200007.0,1
2,INTC,101.379901,1787200007.745,774,1000,1,1787200007.0,1
2,MSFT,101.88794,1787200007.745,774,1000,0,1787200007.0,1
2,AAPL,100.531334,1787200007.755,775,1000,0,1787200007.0,1
2,INTC,101.377777,1787200007.755,775,1000,1,1787200007.0,1
2,MSFT,101.871799,1787200007.755,775,1000,0,1787200007.0,1
2,AAPL,100.54641,1787200007.765,776,1000,0,1787200007.0,1
2,INTC,101.362394,1787200007.765,776,1000,1,1787200007.0,1
2,MSFT,101.849046,1787200007.765,776,1000,0,1787200007.0,1
2,AAPL,100.522263,1787200007.775,777,1000,0,1787200007.0,1
2,INTC,101.416906,1787200007.775,777,1000,1,1787200007.0,1
2,MSFT,101.898205,1787200007.775,777,1000,0,1787200007.0,1
2,AAPL,100.380937,1787200007.785,778,1000,0,1787200007.0,1
2,INTC,101.379526,1787200007.785,778,1000,1,1787200007.0,1
2,MSFT,101.907717,1787200007.785,778,1000,0,1787200007.0,1
2,AAPL,100.339872,1787200007.795,779,1000,0,1787200007.0,1
2,INTC,101.375199,1787200007.795,779,1000,1,1787200007.0,1
2,MSFT,102.016713,1787200007.795,779,1000,0,1787200007.0,1
2,AAPL,100.32966,1787200007.805,780,1000,0,1787200007.0,1
2,INTC,101.394265,1787200007.805,780,1000,1,1787200007.0,1
2,MSFT,102.018767,1787200007.805,780,1000,0,1787200007.0,1
2,AAPL,100.340761,1787200007.815,781,1000,0,1787200007.0,1
2,INTC,101.437371,1787200007.815,781,1000,1,1787200007.0,1
2,MSFT,102.133508,1787200007.815,781,1000,0,1787200007.0,1
2,AAPL,100.28887,1787200007.825,782,1000,0,1787200007.0,1
2,INTC,101.436695,1787200007.825,782,1000,1,1787200007.0,1
2,MSFT,102.150699,1787200007.825,782,1000,0,1787200007.0,1
2,AAPL,100.29167,1787200007.835,783,1000,0,1787200007.0,1
2,INTC,101.476976,1787200007.835,783,1000,1,1787200007.0,1
2,MSFT,102.18865,1787200007.835,783,1000,0,1787200007.0,1
2,AAPL,100.303015,1787200007.845,784,1000,0,1787200007.0,1
2,INTC,101.520458,1787200007.845,784,1000,1,1787200007.0,1
2,MSFT,102.258064,1787200007.845,784,1000,0,1787200007.0,1
2,AAPL,100.197407,1787200007.855,785,1000,0,1787200007.0,1
2,INTC,101.528128,1787200007.855,785,1000,1,1787200007.0,1
2,MSFT,102.18863,1787200007.855,785,1000,0,1787200007.0,1
2,AAPL,100.111601,1787200007.865,786,1000,0,1787200007.0,1
2,INTC,101.45924,1787200007.865,786,1000,1,1787200007.0,1
2,MSFT,102.248646,1787200007.865,786,1000,0,1787200007.0,1
2,AAPL,100.068213,1787200007.875,787,1000,0,1787200007.0,1
2,INTC,101.5038,1787200007.875,787,1000,1,1787200007.0,1
2,MSFT,102.286858,1787200007.875,787,1000,0,1787200007.0,1
2,AAPL,100.072702,1787200007.885,788,1000,0,1787200007.0,1
2,INTC,101.462271,1787200007.885,788,1000,1,1787200007.0,1
2,MSFT,102.290594,1787200007.885,788,1000,0,1787200007.0,1
2,AAPL,100.084203,1787200007.895,789,1000,0,1787200007.0,1
2,INTC,101.469325,1787200007.895,789,1000,1,1787200007.0,1
2,MSFT,102.323836,1787200007.895,789,1000,0,1787200007.0,1
2,AAPL,100.057603,1787200007.905,790,1000,0,1787200007.0,1
2,INTC,101.499522,1787200007.905,790,1000,1,1787200007.0,1
2,MSFT,102.290667,1787200007.905,790,1000,0,1787200007.0,1
2,AAPL,100.087591,1787200007.915,791,1000,0,1787200007.0,1
2,INTC,101.519018,1787200007.915,791,1000,1,1787200007.0,1
2,MSFT,102.333521,1787200007.915,791,1000,0,1787200007.0,1
2,AAPL,100.069373,1787200007.925,792,1000,0,1787200007.0,1
2,INTC,101.46503,1787200007.925,792,1000,1,1787200007.0,1
2,MSFT,102.332999,1787200007.925,792,1000,0,1787200007.0,1
2,AAPL,100.124411,1787200007.935,793,1000,0,1787200007.0,1
2,INTC,101.508449,1787200007.935,793,1000,1,1787200007.0,1
2,MSFT,102.355034,1787200007.935,793,1000,0,1787200007.0,1
2,AAPL,100.056047,1787200007.945,794,1000,0,1787200007.0,1
2,INTC,101.55838,1787200007.945,794,1000,1,1787200007.0,1
2,MSFT,102.306135,1787200007.945,794,1000,0,1787200007.0,1
2,AAPL,100.098615,1787200007.955,795,1000,0,1787200007.0,1
2,INTC,101.601692,1787200007.955,795,1000,1,1787200007.0,1
2,MSFT,102.261762,1787200007.955,795,1000,0,1787200007.0,1
2,AAPL,100.097629,1787200007.965,796,1000,0,1787200007.0,1
2,INTC,101.641529,1787200007.965,796,1000,1,1787200007.0,1
2,MSFT,102.234387,1787200007.965,796,1000,0,1787200007.0,1
2,AAPL,100.154863,1787200007.975,797,1000,0,1787200007.0,1
2,INTC,101.618229,1787200007.975,797,1000,1,1787200007.0,1
2,MSFT,102.273528,1787200007.975,797,1000,0,1787200007.0,1
2,AAPL,100.083758,1787200007.985,798,1000,0,1787200007.0,1
2,INTC,101.667394,1787200007.985,798,1000,1,1787200007.0,1
2,MSFT,102.299276,1787200007.985,798,1000,0,1787200007.0,1
2,AAPL,100.008358,1787200007.995,799,1000,0,1787200007.0,1
2,INTC,101.596045,1787200007.995,799,1000,1,1787200007.0,1
2,MSFT,102.248975,1787200007.995,799,1000,0,1787200007.0,1
2,AAPL,99.95847,1787200008.005,800,1000,0,1787200008.0,1
2,INTC,101.586938,1787200008.005,800,1000,1,1787200008.0,1
2,MSFT,102.257942,1787200008.005,800,1000,0,1787200008.0,1
2,AAPL,99.997307,1787200008.015,801,1000,0,1787200008.0,1
2,INTC,101.548246,1787200008.015,801,1000,1,1787200008.0,1
2,MSFT,102.26958,1787200008.015,801,1000,0,1787200008.0,1
2,AAPL,100.017131,1787200008.025,802,1000,0,1787200008.0,1
2,INTC,101.553649,1787200008.025,802,1000,1,1787200008.0,1
2,MSFT,102.265935,1787200008.025,802,1000,0,1787200008.0,1
2,AAPL,100.005463,1787200008.035,803,1000,0,1787200008.0,1
2,INTC,101.482571,1787200008.035,803,1000,1,1787200008.0,1
2,MSFT,102.348308,1787200008.035,803,1000,0,1787200008.0,1
2,AAPL,100.135595,1787200008.045,804,1000,0,1787200008.0,1
2,INTC,101.454454,1787200008.045,804,1000,1,1787200008.0,1
2,MSFT,102.287268,1787200008.045,804,1000,0,1787200008.0,1
2,AAPL,100.107774,1787200008.055,805,1000,0,1787200008.0,1
2,INTC,101.480985,1787200008.055,805,1000,1,1787200008.0,1
2,MSFT,102.289745,1787200008.055,805,1000,0,1787200008.0,1
2,AAPL,100.047773,1787200008.065,806,1000,0,1787200008.0,1
2,INTC,101.539308,1787200008.065,806,1000,1,1787200008.0,1
2,MSFT,102.302914,1787200008.065,806,1000,0,1787200008.0,1
2,AAPL,100.028281,1787200008.075,807,1000,0,1787200008.0,1
2,INTC,101.49886,1787200008.075,807,1000,1,1787200008.0,1
2,MSFT,102.418464,1787200008.075,807,1000,0,1787200008.0,1
2,AAPL,100.070293,1787200008.085,808,1000,0,1787200008.0,1
2,INTC,101.465828,1787200008.085,808,1000,1,1787200008.0,1
2,MSFT,102.497955,1787200008.085,808,1000,0,1787200008.0,1
2,AAPL,100.019926,1787200008.095,809,1000,0,1787200008.0,1
2,INTC,101.470382,1787200008.095,809,1000,1,1787200008.0,1
2,MSFT,102.395681,1787200008.095,809,1000,0,1787200008.0,1
2,AAPL,100.01452,1787200008.105,810,1000,0,1787200008.0,1
2,INTC,101.546318,1787200008.105,810,1000,1,1787200008.0,1
2,MSFT,102.329057,1787200008.105,810,1000,0,1787200008.0,1
2,AAPL,99.994676,1787200008.115,811,1000,0,1787200008.0,1
2,INTC,101.484322,1787200008.115,811,1000,1,1787200008.0,1
2,MSFT,102.353613,1787200008.115,811,1000,0,1787200008.0,1
2,AAPL,100.054212,1787200008.125,812,1000,0,1787200008.0,1
2,INTC,101.485895,1787200008.125,812,1000,1,1787200008.0,1
2,MSFT,102.392123,1787200008.125,812,1000,0,1787200008.0,1
2,AAPL,100.039502,1787200008.135,813,1000,0,1787200008.0,1
2,INTC,101.528124,1787200008.135,813,1000,1,1787200008.0,1
2,MSFT,102.467262,1787200008.135,813,1000,0,1787200008.0,1
2,AAPL,100.008207,1787200008.145,814,1000,0,1787200008.0,1
2,INTC,101.557892,1787200008.145,814,1000,1,1787200008.0,1
2,MSFT,102.4898,1787200008.145,814,1000,0,1787200008.0,1
2,AAPL,100.063248,1787200008.155,815,1000,0,1787200008.0,1
2,INTC,101.539675,1787200008.155,815,1000,1,1787200008.0,1
2,MSFT,102.50448,1787200008.155,815,1000,0,1787200008.0,1
2,AAPL,100.085649,1787200008.165,816,1000,0,1787200008.0,1
2,INTC,101.494599,1787200008.165,816,1000,1,1787200008.0,1
2,MSFT,102.477527,1787200008.165,816,1000,0,1787200008.0,1
2,AAPL,100.073773,1787200008.175,817,1000,0,1787200008.0,1
2,INTC,101.553936,1787200008.175,817,1000,1,1787200008.0,1
2,MSFT,102.451934,1787200008.175,817,1000,0,1787200008.0,1
2,AAPL,100.108511,1787200008.185,818,1000,0,1787200008.0,1
2,INTC,101.680293,1787200008.185,818,1000,1,1787200008.0,1
2,MSFT,102.5172,1787200008.185,818,1000,0,1787200008.0,1
2,AAPL,100.123378,1787200008.195,819,1000,0,1787200008.0,1
2,INTC,101.792255,1787200008.195,819,1000,1,1787200008.0,1
2,MSFT,102.506922,1787200008.195,819,1000,0,1787200008.0,1
2,AAPL,100.078508,1787200008.205,820,1000,0,1787200008.0,1
2,INTC,101.789088,1787200008.205,820,1000,1,1787200008.0,1
2,MSFT,102.542135,1787200008.205,820,1000,0,1787200008.0,1
2,AAPL,99.95775,1787200008.215,821,1000,0,1787200008.0,1
2,INTC,101.700192,1787200008.215,821,1000,1,1787200008.0,1
2,MSFT,102.630537,1787200008.215,821,1000,0,1787200008.0,1
2,AAPL,99.945146,1787200008.225,822,1000,0,1787200008.0,1
2,INTC,101.664537,1787200008.225,822,1000,1,1787200008.0,1
2,MSFT,102.687535,1787200008.225,822,1000,0,1787200008.0,1
2,AAPL,100.032461,1787200008.235,823,1000,0,1787200008.0,1
2,INTC,101.758246,1787200008.235,823,1000,1,1787200008.0,1
2,MSFT,102.620335,1787200008.235,823,1000,0,1787200008.0,1
2,AAPL,100.025014,1787200008.245,824,1000,0,1787200008.0,1
2,INTC,101.692027,1787200008.245,824,1000,1,1787200008.0,1
2,MSFT,102.627869,1787200008.245,824,1000,0,1787200008.0,1
2,AAPL,99.980538,1787200008.255,825,1000,0,1787200008.0,1
2,INTC,101.671208,1787200008.255,825,1000,1,1787200008.0,1
2,MSFT,102.635919,1787200008.255,825,1000,0,1787200008.0,1
2,AAPL,100.042759,1787200008.265,826,1000,0,1787200008.0,1
2,INTC,101.62187,1787200008.265,826,1000,1,1787200008.0,1
2,MSFT,102.590121,1787200008.265,826,1000,0,1787200008.0,1
2,AAPL,100.098866,1787200008.275,827,1000,0,1787200008.0,1
2,INTC,101.658165,1787200008.275,827,1000,1,1787200008.0,1
2,MSFT,102.521113,1787200008.275,827,1000,0,1787200008.0,1
2,AAPL,100.041469,1787200008.285,828,1000,0,1787200008.0,1
2,INTC,101.669701,1787200008.285,828,1000,1,1787200008.0,1
2,MSFT,102.572268,1787200008.285,828,1000,0,1787200008.0,1
2,AAPL,99.994015,1787200008.295,829,1000,0,1787200008.0,1
2,INTC,101.741795,1787200008.295,829,1000,1,1787200008.0,1
2,MSFT,102.527173,1787200008.295,829,1000,0,1787200008.0,1
2,AAPL,100.047872,1787200008.305,830,1000,0,1787200008.0,1
2,INTC,101.755409,1787200008.305,830,1000,1,1787200008.0,1
2,MSFT,102.516847,1787200008.305,830,1000,0,1787200008.0,1
2,AAPL,100.027549,1787200008.315,831,1000,0,1787200008.0,1
2,INTC,101.740362,1787200008.315,831,1000,1,1787200008.0,1
2,MSFT,102.501991,1787200008.315,831,1000,0,1787200008.0,1
2,AAPL,100.045642,1787200008.325,832,1000,0,1787200008.0,1
2,INTC,101.716776,1787200008.325,832,1000,1,1787200008.0,1
2,MSFT,102.489311,1787200008.325,832,1000,0,1787200008.0,1
2,AAPL,100.00339,1787200008.335,833,1000,0,1787200008.0,1
2,INTC,101.721042,1787200008.335,833,1000,1,1787200008.0,1
2,MSFT,102.449565,1787200008.335,833,1000,0,1787200008.0,1
2,AAPL,99.958166,1787200008.345,834,1000,0,1787200008.0,1
2,INTC,101.712797,1787200008.345,834,1000,1,1787200008.0,1
2,MSFT,102.528393,1787200008.345,834,1000,0,1787200008.0,1
2,AAPL,99.990099,1787200008.355,835,1000,0,1787200008.0,1
2,INTC,101.735941,1787200008.355,835,1000,1,1787200008.0,1
2,MSFT,102.532669,1787200008.355,835,1000,0,1787200008.0,1
2,AAPL,99.925778,1787200008.365,836,1000,0,1787200008.0,1
2,INTC,101.757438,1787200008.365,836,1000,1,1787200008.0,1
2,MSFT,102.602634,1787200008.365,836,1000,0,1787200008.0,1
2,AAPL,99.868234,1787200008.375,837,1000,0,1787200008.0,1
2,INTC,101.863137,1787200008.375,837,1000,1,1787200008.0,1
2,MSFT,102.54423,1787200008.375,837,1000,0,1787200008.0,1
2,AAPL,99.751457,1787200008.385,838,1000,0,1787200008.0,1
2,INTC,101.828359,1787200008.385,838,1000,1,1787200008.0,1
2,MSFT,102.569401,1787200008.385,838,1000,0,1787200008.0,1
2,AAPL,99.77811,1787200008.395,839,1000,0,1787200008.0,1
2,INTC,101.822509,1787200008.395,839,1000,1,1787200008.0,1
2,MSFT,102.520108,1787200008.395,839,1000,0,1787200008.0,1
2,AAPL,99.714681,1787200008.405,840,1000,0,1787200008.0,1
2,INTC,101.722786,1787200008.405,840,1000,1,1787200008.0,1
2,MSFT,102.477741,1787200008.405,840,1000,0,1787200008.0,1
2,AAPL,99.678587,1787200008.415,841,1000,0,1787200008.0,1
2,INTC,101.781633,1787200008.415,841,1000,1,1787200008.0,1
2,MSFT,102.536595,1787200008.415,841,1000,0,1787200008.0,1
2,AAPL,99.706616,1787200008.425,842,1000,0,1787200008.0,1
2,INTC,101.769075,1787200008.425,842,1000,1,1787200008.0,1
2,MSFT,102.495513,1787200008.425,842,1000,0,1787200008.0,1
2,AAPL,99.701606,1787200008.435,843,1000,0,1787200008.0,1
2,INTC,101.729603,1787200008.435,843,1000,1,1787200008.0,1
2,MSFT,102.577604,1787200008.435,843,1000,0,1787200008.0,1
2,AAPL,99.678048,1787200008.445,844,1000,0,1787200008.0,1
2,INTC,101.752738,1787200008.445,844,1000,1,1787200008.0,1
2,MSFT,102.598843,1787200008.445,844,1000,0,1787200008.0,1
2,AAPL,99.729311,1787200008.455,845,1000,0,1787200008.0,1
2,INTC,101.726209,1787200008.455,845,1000,1,1787200008.0,1
2,MSFT,102.589546,1787200008.455,845,1000,0,1787200008.0,1
2,AAPL,99.731513,1787200008.465,846,1000,0,1787200008.0,1
2,INTC,101.710544,1787200008.465,846,1000,1,1787200008.0,1
2,MSFT,102.541106,1787200008.465,846,1000,0,1787200008.0,1
2,AAPL,99.746688,1787200008.475,847,1000,0,1787200008.0,1
2,INTC,101.776773,1787200008.475,847,1000,1,1787200008.0,1
2,MSFT,102.584856,1787200008.475,847,1000,0,1787200008.0,1
2,AAPL,99.701223,1787200008.485,848,1000,0,1787200008.0,1
2,INTC,101.753662,1787200008.485,848,1000,1,1787200008.0,1
2,MSFT,102.621887,1787200008.485,848,1000,0,1787200008.0,1
2,AAPL,99.711515,1787200008.495,849,1000,0,1787200008.0,1
2,INTC,101.788568,1787200008.495,849,1000,1,1787200008.0,1
2,MSFT,102.619267,1787200008.495,849,1000,0,1787200008.0,1
2,AAPL,99.752516,1787200008.505,850,1000,0,1787200008.0,1
2,INTC,101.879257,1787200008.505,850,1000,1,1787200008.0,1
2,MSFT,102.673864,1787200008.505,850,1000,0,1787200008.0,1
2,AAPL,99.804045,1787200008.515,851,1000,0,1787200008.0,1
2,INTC,101.876604,1787200008.515,851,1000,1,1787200008.0,1
2,MSFT,102.661471,1787200008.515,851,1000,0,1787200008.0,1
2,AAPL,99.802392,1787200008.525,852,1000,0,1787200008.0,1
2,INTC,101.868512,1787200008.525,852,1000,1,1787200008.0,1
2,MSFT,102.702361,1787200008.525,852,1000,0,1787200008.0,1
2,AAPL,99.68324,1787200008.535,853,1000,0,1787200008.0,1
2,INTC,101.829159,1787200008.535,853,1000,1,1787200008.0,1
2,MSFT,102.669958,1787200008.535,853,1000,0,1787200008.0,1
2,AAPL,99.721498,1787200008.545,854,1000,0,1787200008.0,1
2,INTC,101.851568,1787200008.545,854,1000,1,1787200008.0,1
2,MSFT,102.770051,1787200008.545,854,1000,0,1787200008.0,1
2,AAPL,99.720242,1787200008.555,855,1000,0,1787200008.0,1
2,INTC,101.784522,1787200008.555,855,1000,1,1787200008.0,1
2,MSFT,102.771924,1787200008.555,855,1000,0,1787200008.0,1
2,AAPL,99.660591,1787200008.565,856,1000,0,1787200008.0,1
2,INTC,101.812365,1787200008.565,856,1000,1,1787200008.0,1
2,MSFT,102.806909,1787200008.565,856,1000,0,1787200008.0,1
2,AAPL,99.598727,1787200008.575,857,1000,0,1787200008.0,1
2,INTC,101.808999,1787200008.575,857,1000,1,1787200008.0,1
2,MSFT,102.733692,1787200008.575,857,1000,0,1787200008.0,1
2,AAPL,99.578994,1787200008.585,858,1000,0,1787200008.0,1
2,INTC,101.859136,1787200008.585,858,1000,1,1787200008.0,1
2,MSFT,102.628133,1787200008.585,858,1000,0,1787200008.0,1
2,AAPL,99.582094,1787200008.595,859,1000,0,1787200008.0,1
2,INTC,101.815903,1787200008.595,859,1000,1,1787200008.0,1
2,MSFT,102.648031,1787200008.595,859,1000,0,1787200008.0,1
2,AAPL,99.561688,1787200008.605,860,1000,0,1787200008.0,1
2,INTC,101.847138,1787200008.605,860,1000,1,1787200008.0,1
2,MSFT,102.629775,1787200008.605,860,1000,0,1787200008.0,1
2,AAPL,99.61595,1787200008.615,861,1000,0,1787200008.0,1
2,INTC,101.812664,1787200008.615,861,1000,1,1787200008.0,1
2,MSFT,102.640978,1787200008.615,861,1000,0,1787200008.0,1
2,AAPL,99.564883,1787200008.625,862,1000,0,1787200008.0,1
2,INTC,101.913822,1787200008.625,862,1000,1,1787200008.0,1
2,MSFT,102.64018,1787200008.625,862,1000,0,1787200008.0,1
2,AAPL,99.596561,1787200008.635,863,1000,0,1787200008.0,1
2,INTC,101.88871,1787200008.635,863,1000,1,1787200008.0,1
2,MSFT,102.58488,1787200008.635,863,1000,0,1787200008.0,1
2,AAPL,99.601507,1787200008.645,864,1000,0,1787200008.0,1
2,INTC,101.924652,1787200008.645,864,1000,1,1787200008.0,1
2,MSFT,102.574249,1787200008.645,864,1000,0,1787200008.0,1
2,AAPL,99.535606,1787200008.655,865,1000,0,1787200008.0,1
2,INTC,101.96852,1787200008.655,865,1000,1,1787200008.0,1
2,MSFT,102.545094,1787200008.655,865,1000,0,1787200008.0,1
2,AAPL,99.493256,1787200008.665,866,1000,0,1787200008.0,1
2,INTC,101.916197,1787200008.665,866,1000,1,1787200008.0,1
2,MSFT,102.557234,1787200008.665,866,1000,0,1787200008.0,1
2,AAPL,99.556075,1787200008.675,867,1000,0,1787200008.0,1
2,INTC,101.912225,1787200008.675,867,1000,1,1787200008.0,1
2,MSFT,102.575769,1787200008.675,867,1000,0,1787200008.0,1
2,AAPL,99.600036,1787200008.685,868,1000,0,1787200008.0,1
2,INTC,101.902702,1787200008.685,868,1000,1,1787200008.0,1
2,MSFT,102.59313,1787200008.685,868,1000,0,1787200008.0,1
2,AAPL,99.582992,1787200008.695,869,1000,0,1787200008.0,1
2,INTC,101.911154,1787200008.695,869,1000,1,1787200008.0,1
2,MSFT,102.44291,1787200008.695,869,1000,0,1787200008.0,1
2,AAPL,99.569364,1787200008.705,870,1000,0,1787200008.0,1
2,INTC,101.889658,1787200008.705,870,1000,1,1787200008.0,1
2,MSFT,102.395945,1787200008.705,870,1000,0,1787200008.0,1
2,AAPL,99.460563,1787200008.715,871,1000,0,1787200008.0,1
2,INTC,101.833814,1787200008.715,871,1000,1,1787200008.0,1
2,MSFT,102.359848,1787200008.715,871,1000,0,1787200008.0,1
2,AAPL,99.441718,1787200008.725,872,1000,0,1787200008.0,1
2,INTC,101.776142,1787200008.725,872,1000,1,1787200008.0,1
2,MSFT,102.370881,1787200008.725,872,1000,0,1787200008.0,1
2,AAPL,99.398333,1787200008.735,873,1000,0,1787200008.0,1
2,INTC,101.792979,1787200008.735,873,1000,1,1787200008.0,1
2,MSFT,102.347228,1787200008.735,873,1000,0,1787200008.0,1
2,AAPL,99.405318,1787200008.745,874,1000,0,1787200008.0,1
2,INTC,101.817044,1787200008.745,874,1000,1,1787200008.0,1
2,MSFT,102.402668,1787200008.745,874,1000,0,1787200008.0,1
2,AAPL,99.380612,1787200008.755,875,1000,0,1787200008.0,1
2,INTC,101.803544,1787200008.755,875,1000,1,1787200008.0,1
2,MSFT,102.373902,1787200008.755,875,1000,0,1787200008.0,1
2,AAPL,99.342953,1787200008.765,876,1000,0,1787200008.0,1
2,INTC,101.833007,1787200008.765,876,1000,1,1787200008.0,1
2,MSFT,102.459628,1787200008.765,876,1000,0,1787200008.0,1
2,AAPL,99.422821,1787200008.775,877,1000,0,1787200008.0,1
2,INTC,101.849695,1787200008.775,877,1000,1,1787200008.0,1
2,MSFT,102.48879,1787200008.775,877,1000,0,1787200008.0,1
2,AAPL,99.452544,1787200008.785,878,1000,0,1787200008.0,1
2,INTC,101.82466,1787200008.785,878,1000,1,1787200008.0,1
2,MSFT,102.467833,1787200008.785,878,1000,0,1787200008.0,1
2,AAPL,99.391826,1787200008.795,879,1000,0,1787200008.0,1
2,INTC,101.812578,1787200008.795,879,1000,1,1787200008.0,1
2,MSFT,102.436842,1787200008.795,879,1000,0,1787200008.0,1
2,AAPL,99.382893,1787200008.805,880,1000,0,1787200008.0,1
2,INTC,101.781884,1787200008.805,880,1000,1,1787200008.0,1
2,MSFT,102.410795,1787200008.805,880,1000,0,1787200008.0,1
2,AAPL,99.391157,1787200008.815,881,1000,0,1787200008.0,1
2,INTC,101.839928,1787200008.815,881,1000,1,1787200008.0,1
2,MSFT,102.408821,1787200008.815,881,1000,0,1787200008.0,1
2,AAPL,99.32292,1787200008.825,882,1000,0,1787200008.0,1
2,INTC,101.765565,1787200008.825,882,1000,1,1787200008.0,1
2,MSFT,102.502802,1787200008.825,882,1000,0,1787200008.0,1
2,AAPL,99.401233,1787200008.835,883,1000,0,1787200008.0,1
2,INTC,101.791627,1787200008.835,883,1000,1,1787200008.0,1
2,MSFT,102.546846,1787200008.835,883,1000,0,1787200008.0,1
2,AAPL,99.392694,1787200008.845,884,1000,0,1787200008.0,1
2,INTC,101.789162,1787200008.845,884,1000,1,1787200008.0,1
2,MSFT,102.576893,1787200008.845,884,1000,0,1787200008.0,1
2,AAPL,99.475661,1787200008.855,885,1000,0,1787200008.0,1
2,INTC,101.77211,1787200008.855,885,1000,1,1787200008.0,1
2,MSFT,102.615081,1787200008.855,885,1000,0,1787200008.0,1
2,AAPL,99.511705,1787200008.865,886,1000,0,1787200008.0,1
2,INTC,101.715837,1787200008.865,886,1000,1,1787200008.0,1
2,MSFT,102.651574,1787200008.865,886,1000,0,1787200008.0,1
2,AAPL,99.442931,1787200008.875,887,1000,0,1787200008.0,1
2,INTC,101.783443,1787200008.875,887,1000,1,1787200008.0,1
2,MSFT,102.677282,1787200008.875,887,1000,0,1787200008.0,1
2,AAPL,99.41429,1787200008.885,888,1000,0,1787200008.0,1
2,INTC,101.80439,1787200008.885,888,1000,1,1787200008.0,1
2,MSFT,102.629977,1787200008.885,888,1000,0,1787200008.0,1
2,AAPL,99.385931,1787200008.895,889,1000,0,1787200008.0,1
2,INTC,101.856419,1787200008.895,889,1000,1,1787200008.0,1
2,MSFT,102.616725,1787200008.895,889,1000,0,1787200008.0,1
2,AAPL,99.430624,1787200008.905,890,1000,0,1787200008.0,1
2,INTC,101.910808,1787200008.905,890,1000,1,1787200008.0,1
2,MSFT,102.628531,1787200008.905,890,1000,0,1787200008.0,1
2,AAPL,99.430729,1787200008.915,891,1000,0,1787200008.0,1
2,INTC,101.933392,1787200008.915,891,1000,1,1787200008.0,1
2,MSFT,102.636219,1787200008.915,891,1000,0,1787200008.0,1
2,AAPL,99.406059,1787200008.925,892,1000,0,1787200008.0,1
2,INTC,101.933829,1787200008.925,892,1000,1,1787200008.0,1
2,MSFT,102.582552,1787200008.925,892,1000,0,1787200008.0,1
2,AAPL,99.471284,1787200008.935,893,1000,0,1787200008.0,1
2,INTC,101.89234,1787200008.935,893,1000,1,1787200008.0,1
2,MSFT,102.556409,1787200008.935,893,1000,0,1787200008.0,1
2,AAPL,99.473507,1787200008.945,894,1000,0,1787200008.0,1
2,INTC,101.980059,1787200008.945,894,1000,1,1787200008.0,1
2,MSFT,102.489326,1787200008.945,894,1000,0,1787200008.0,1
2,AAPL,99.450106,1787200008.955,895,1000,0,1787200008.0,1
2,INTC,101.922664,1787200008.955,895,1000,1,1787200008.0,1
2,MSFT,102.435627,1787200008.955,895,1000,0,1787200008.0,1
2,AAPL,99.435147,1787200008.965,896,1000,0,1787200008.0,1
2,INTC,101.92979,1787200008.965,896,1000,1,1787200008.0,1
2,MSFT,102.50057,1787200008.965,896,1000,0,1787200008.0,1
2,AAPL,99.460634,1787200008.975,897,1000,0,1787200008.0,1
2,INTC,101.955033,1787200008.975,897,1000,1,1787200008.0,1
2,MSFT,102.444929,1787200008.975,897,1000,0,1787200008.0,1
2,AAPL,99.434792,1787200008.985,898,1000,0,1787200008.0,1
2,INTC,101.947294,1787200008.985,898,1000,1,1787200008.0,1
2,MSFT,102.404468,1787200008.985,898,1000,0,1787200008.0,1
2,AAPL,99.433711,1787200008.995,899,1000,0,1787200008.0,1
2,INTC,101.945858,1787200008.995,899,1000,1,1787200008.0,1
2,MSFT,102.4118,1787200008.995,899,1000,0,1787200008.0,1
2,AAPL,99.437649,1787200009.005,900,1000,0,1787200009.0,1
2,INTC,101.966098,1787200009.005,900,1000,1,1787200009.0,1
2,MSFT,102.349937,1787200009.005,900,1000,0,1787200009.0,1
2,AAPL,99.48146,1787200009.015,901,1000,0,1787200009.0,1
2,INTC,101.990277,1787200009.015,901,1000,1,1787200009.0,1
2,MSFT,102.363293,1787200009.015,901,1000,0,1787200009.0,1
2,AAPL,99.498958,1787200009.025,902,1000,0,1787200009.0,1
2,INTC,101.985588,1787200009.025,902,1000,1,1787200009.0,1
2,MSFT,102.371566,1787200009.025,902,1000,0,1787200009.0,1
2,AAPL,99.460949,1787200009.035,903,1000,0,1787200009.0,1
2,INTC,101.978413,1787200009.035,903,1000,1,1787200009.0,1
2,MSFT,102.485344,1787200009.035,903,1000,0,1787200009.0,1
2,AAPL,99.385763,1787200009.045,904,1000,0,1787200009.0,1
2,INTC,102.039005,1787200009.045,904,1000,1,1787200009.0,1
2,MSFT,102.506448,1787200009.045,904,1000,0,1787200009.0,1
2,AAPL,99.453316,1787200009.055,905,1000,0,1787200009.0,1
2,INTC,102.058838,1787200009.055,905,1000,1,1787200009.0,1
2,MSFT,102.417161,1787200009.055,905,1000,0,1787200009.0,1
2,AAPL,99.443325,1787200009.065,906,1000,0,1787200009.0,1
2,INTC,102.034754,1787200009.065,906,1000,1,1787200009.0,1
2,MSFT,102.418812,1787200009.065,906,1000,0,1787200009.0,1
2,AAPL,99.413478,1787200009.075,907,1000,0,1787200009.0,1
2,INTC,102.081275,1787200009.075,907,1000,1,1787200009.0,1
2,MSFT,102.408257,1787200009.075,907,1000,0,1787200009.0,1
2,AAPL,99.40632,1787200009.085,908,1000,0,1787200009.0,1
2,INTC,102.083343,1787200009.085,908,1000,1,1787200009.0,1
2,MSFT,102.430674,1787200009.085,908,1000,0,1787200009.0,1
2,AAPL,99.430717,1787200009.095,909,1000,0,1787200009.0,1
2,INTC,102.080969,1787200009.095,909,1000,1,1787200009.0,1
2,MSFT,102.467095,1787200009.095,909,1000,0,1787200009.0,1
2,AAPL,99.424687,1787200009.105,910,1000,0,1787200009.0,1
2,INTC,101.980162,1787200009.105,910,1000,1,1787200009.0,1
2,MSFT,102.540806,1787200009.105,910,1000,0,1787200009.0,1
2,AAPL,99.477319,1787200009.115,911,1000,0,1787200009.0,1
2,INTC,102.008492,1787200009.115,911,1000,1,1787200009.0,1
2,MSFT,102.553242,1787200009.115,911,1000,0,1787200009.0,1
2,AAPL,99.426881,1787200009.125,912,1000,0,1787200009.0,1
2,INTC,101.875455,1787200009.125,912,1000,1,1787200009.0,1
2,MSFT,102.54478,1787200009.125,912,1000,0,1787200009.0,1
2,AAPL,99.481553,1787200009.135,913,1000,0,1787200009.0,1
2,INTC,101.804562,1787200009.135,913,1000,1,1787200009.0,1
2,MSFT,102.498987,1787200009.135,913,1000,0,1787200009.0,1
2,AAPL,99.504005,1787200009.145,914,1000,0,1787200009.0,1
2,INTC,101.766513,1787200009.145,914,1000,1,1787200009.0,1
2,MSFT,102.590396,1787200009.145,914,1000,0,1787200009.0,1
2,AAPL,99.463295,1787200009.155,915,1000,0,1787200009.0,1
2,INTC,101.736341,1787200009.155,915,1000,1,1787200009.0,1
2,MSFT,102.563358,1787200009.155,915,1000,0,1787200009.0,1
2,AAPL,99.509976,1787200009.165,916,1000,0,1787200009.0,1
2,INTC,101.692089,1787200009.165,916,1000,1,1787200009.0,1
2,MSFT,102.547678,1787200009.165,916,1000,0,1787200009.0,1
2,AAPL,99.492575,1787200009.175,917,1000,0,1787200009.0,1
2,INTC,101.742196,1787200009.175,917,1000,1,1787200009.0,1
2,MSFT,102.521121,1787200009.175,917,1000,0,1787200009.0,1
2,AAPL,99.459619,1787200009.185,918,1000,0,1787200009.0,1
2,INTC,101.720147,1787200009.185,918,1000,1,1787200009.0,1
2,MSFT,102.618468,1787200009.185,918,1000,0,1787200009.0,1
2,AAPL,99.512846,1787200009.195,919,1000,0,1787200009.0,1
2,INTC,101.735971,1787200009.195,919,1000,1,1787200009.0,1
2,MSFT,102.557925,1787200009.195,919,1000,0,1787200009.0,1
2,AAPL,99.439514,1787200009.205,920,1000,0,1787200009.0,1
2,INTC,101.702627,1787200009.205,920,1000,1,1787200009.0,1
2,MSFT,102.526525,1787200009.205,920,1000,0,1787200009.0,1
2,AAPL,99.426789,1787200009.215,921,1000,0,1787200009.0,1
2,INTC,101.720196,1787200009.215,921,1000,1,1787200009.0,1
2,MSFT,102.441679,1787200009.215,921,1000,0,1787200009.0,1
2,AAPL,99.37717,1787200009.225,922,1000,0,1787200009.0,1
2,INTC,101.652524,1787200009.225,922,1000,1,1787200009.0,1
2,MSFT,102.500415,1787200009.225,922,1000,0,1787200009.0,1
2,AAPL,99.37282,1787200009.235,923,1000,0,1787200009.0,1
2,INTC,101.713204,1787200009.235,923,1000,1,1787200009.0,1
2,MSFT,102.499094,1787200009.235,923,1000,0,1787200009.0,1
2,AAPL,99.405404,1787200009.245,924,1000,0,1787200009.0,1
2,INTC,101.725526,1787200009.245,924,1000,1,1787200009.0,1
2,MSFT,102.507082,1787200009.245,924,1000,0,1787200009.0,1
2,AAPL,99.352571,1787200009.255,925,1000,0,1787200009.0,1
2,INTC,101.706934,1787200009.255,925,1000,1,1787200009.0,1
2,MSFT,102.525545,1787200009.255,925,1000,0,1787200009.0,1
2,AAPL,99.347365,1787200009.265,926,1000,0,1787200009.0,1
2,INTC,101.706036,1787200009.265,926,1000,1,1787200009.0,1
2,MSFT,102.620666,1787200009.265,926,1000,0,1787200009.0,1
2,AAPL,99.31932,1787200009.275,927,1000,0,1787200009.0,1
2,INTC,101.683888,1787200009.275,927,1000,1,1787200009.0,1
2,MSFT,102.617746,1787200009.275,927,1000,0,1787200009.0,1
2,AAPL,99.236314,1787200009.285,928,1000,0,1787200009.0,1
2,INTC,101.642025,1787200009.285,928,1000,1,1787200009.0,1
2,MSFT,102.641244,1787200009.285,928,1000,0,1787200009.0,1
2,AAPL,99.137868,1787200009.295,929,1000,0,1787200009.0,1
2,INTC,101.574248,1787200009.295,929,1000,1,1787200009.0,1
2,MSFT,102.619624,1787200009.295,929,1000,0,1787200009.0,1
2,AAPL,99.165357,1787200009.305,930,1000,0,1787200009.0,1
2,INTC,101.561182,1787200009.305,930,1000,1,1787200009.0,1
2,MSFT,102.60894,1787200009.305,930,1000,0,1787200009.0,1
2,AAPL,99.075802,1787200009.315,931,1000,0,1787200009.0,1
2,INTC,101.606653,1787200009.315,931,1000,1,1787200009.0,1
2,MSFT,102.602213,1787200009.315,931,1000,0,1787200009.0,1
2,AAPL,99.142464,1787200009.325,932,1000,0,1787200009.0,1
2,INTC,101.647369,1787200009.325,932,1000,1,1787200009.0,1
2,MSFT,102.614365,1787200009.325,932,1000,0,1787200009.0,1
2,AAPL,99.146002,1787200009.335,933,1000,0,1787200009.0,1
2,INTC,101.67739,1787200009.335,933,1000,1,1787200009.0,1
2,MSFT,102.666235,1787200009.335,933,1000,0,1787200009.0,1
2,AAPL,99.191677,1787200009.345,934,1000,0,1787200009.0,1
2,INTC,101.672152,1787200009.345,934,1000,1,1787200009.0,1
2,MSFT,102.595931,1787200009.345,934,1000,0,1787200009.0,1
2,AAPL,99.139064,1787200009.355,935,1000,0,1787200009.0,1
2,INTC,101.669817,1787200009.355,935,1000,1,1787200009.0,1
2,MSFT,102.54599,1787200009.355,935,1000,0,1787200009.0,1
2,AAPL,99.185027,1787200009.365,936,1000,0,1787200009.0,1
2,INTC,101.5627,1787200009.365,936,1000,1,1787200009.0,1
2,MSFT,102.653088,1787200009.365,936,1000,0,1787200009.0,1
2,AAPL,99.196543,1787200009.375,937,1000,0,1787200009.0,1
2,INTC,101.621732,1787200009.375,937,1000,1,1787200009.0,1
2,MSFT,102.713278,1787200009.375,937,1000,0,1787200009.0,1
2,AAPL,99.184851,1787200009.385,938,1000,0,1787200009.0,1
2,INTC,101.586248,1787200009.385,938,1000,1,1787200009.0,1
2,MSFT,102.747479,1787200009.385,938,1000,0,1787200009.0,1
2,AAPL,99.156444,1787200009.395,939,1000,0,1787200009.0,1
2,INTC,101.608817,1787200009.395,939,1000,1,1787200009.0,1
2,MSFT,102.733965,1787200009.395,939,1000,0,1787200009.0,1
2,AAPL,99.205244,1787200009.405,940,1000,0,1787200009.0,1
2,INTC,101.539628,1787200009.405,940,1000,1,1787200009.0,1
2,MSFT,102.742057,1787200009.405,940,1000,0,1787200009.0,1
2,AAPL,99.192042,1787200009.415,941,1000,0,1787200009.0,1
2,INTC,101.623776,1787200009.415,941,1000,1,1787200009.0,1
2,MSFT,102.616756,1787200009.415,941,1000,0,1787200009.0,1
2,AAPL,99.213773,1787200009.425,942,1000,0,1787200009.0,1
2,INTC,101.584232,1787200009.425,942,1000,1,1787200009.0,1
2,MSFT,102.627364,1787200009.425,942,1000,0,1787200009.0,1
2,AAPL,99.258576,1787200009.435,943,1000,0,1787200009.0,1
2,INTC,101.565997,1787200009.435,943,1000,1,1787200009.0,1
2,MSFT,102.669563,1787200009.435,943,1000,0,1787200009.0,1
2,AAPL,99.280867,1787200009.445,944,1000,0,1787200009.0,1
2,INTC,101.50635,1787200009.445,944,1000,1,1787200009.0,1
2,MSFT,102.598374,1787200009.445,944,1000,0,1787200009.0,1
2,AAPL,99.355327,1787200009.455,945,1000,0,1787200009.0,1
2,INTC,101.575301,1787200009.455,945,1000,1,1787200009.0,1
2,MSFT,102.618783,1787200009.455,945,1000,0,1787200009.0,1
2,AAPL,99.391148,1787200009.465,946,1000,0,1787200009.0,1
2,INTC,101.532781,1787200009.465,946,1000,1,1787200009.0,1
2,MSFT,102.602044,1787200009.465,946,1000,0,1787200009.0,1
2,AAPL,99.363577,1787200009.475,947,1000,0,1787200009.0,1
2,INTC,101.421533,1787200009.475,947,1000,1,1787200009.0,1
2,MSFT,102.643372,1787200009.475,947,1000,0,1787200009.0,1
2,AAPL,99.333355,1787200009.485,948,1000,0,1787200009.0,1
2,INTC,101.408721,1787200009.485,948,1000,1,1787200009.0,1
2,MSFT,102.543664,1787200009.485,948,1000,0,1787200009.0,1
2,AAPL,99.27451,1787200009.495,949,1000,0,1787200009.0,1
2,INTC,101.428442,1787200009.495,949,1000,1,1787200009.0,1
2,MSFT,102.492852,1787200009.495,949,1000,0,1787200009.0,1
2,AAPL,99.231499,1787200009.505,950,1000,0,1787200009.0,1
2,INTC,101.404456,1787200009.505,950,1000,1,1787200009.0,1
2,MSFT,102.503382,1787200009.505,950,1000,0,1787200009.0,1
2,AAPL,99.22746,1787200009.515,951,1000,0,1787200009.0,1
2,INTC,101.437702,1787200009.515,951,1000,1,1787200009.0,1
2,MSFT,102.47585,1787200009.515,951,1000,0,1787200009.0,1
2,AAPL,99.21484,1787200009.525,952,1000,0,1787200009.0,1
2,INTC,101.422659,1787200009.525,952,1000,1,1787200009.0,1
2,MSFT,102.469573,1787200009.525,952,1000,0,1787200009.0,1
2,AAPL,99.265977,1787200009.535,953,1000,0,1787200009.0,1
2,INTC,101.474983,1787200009.535,953,1000,1,1787200009.0,1
2,MSFT,102.532425,1787200009.535,953,1000,0,1787200009.0,1
2,AAPL,99.244452,1787200009.545,954,1000,0,1787200009.0,1
2,INTC,101.487151,1787200009.545,954,1000,1,1787200009.0,1
2,MSFT,102.606501,1787200009.545,954,1000,0,1787200009.0,1
2,AAPL,99.273105,1787200009.555,955,1000,0,1787200009.0,1
2,INTC,101.501158,1787200009.555,955,1000,1,1787200009.0,1
2,MSFT,102.60771,1787200009.555,955,1000,0,1787200009.0,1
2,AAPL,99.243943,1787200009.565,956,1000,0,1787200009.0,1
2,INTC,101.465715,1787200009.565,956,1000,1,1787200009.0,1
2,MSFT,102.621072,1787200009.565,956,1000,0,1787200009.0,1
2,AAPL,99.257244,1787200009.575,957,1000,0,1787200009.0,1
2,INTC,101.491895,1787200009.575,957,1000,1,1787200009.0,1
2,MSFT,102.611161,1787200009.575,957,1000,0,1787200009.0,1
2,AAPL,99.244145,1787200009.585,958,1000,0,1787200009.0,1
2,INTC,101.486825,1787200009.585,958,1000,1,1787200009.0,1
2,MSFT,102.599993,1787200009.585,958,1000,0,1787200009.0,1
2,AAPL,99.299536,1787200009.595,959,1000,0,1787200009.0,1
2,INTC,101.472351,1787200009.595,959,1000,1,1787200009.0,1
2,MSFT,102.606454,1787200009.595,959,1000,0,1787200009.0,1
2,AAPL,99.308566,1787200009.605,960,1000,0,1787200009.0,1
2,INTC,101.462064,1787200009.605,960,1000,1,1787200009.0,1
2,MSFT,102.628024,1787200009.605,960,1000,0,1787200009.0,1
2,AAPL,99.352334,1787200009.615,961,1000,0,1787200009.0,1
2,INTC,101.414542,1787200009.615,961,1000,1,1787200009.0,1
2,MSFT,102.631583,1787200009.615,961,1000,0,1787200009.0,1
2,AAPL,99.285607,1787200009.625,962,1000,0,1787200009.0,1
2,INTC,101.517977,1787200009.625,962,1000,1,1787200009.0,1
2,MSFT,102.684098,1787200009.625,962,1000,0,1787200009.0,1
2,AAPL,99.376327,1787200009.635,963,1000,0,1787200009.0,1
2,INTC,101.466047,1787200009.635,963,1000,1,1787200009.0,1
2,MSFT,102.597804,1787200009.635,963,1000,0,1787200009.0,1
2,AAPL,99.384845,1787200009.645,964,1000,0,1787200009.0,1
2,INTC,101.450991,1787200009.645,964,1000,1,1787200009.0,1
2,MSFT,102.530076,1787200009.645,964,1000,0,1787200009.0,1
2,AAPL,99.346137,1787200009.655,965,1000,0,1787200009.0,1
2,INTC,101.384303,1787200009.655,965,1000,1,1787200009.0,1
2,MSFT,102.540144,1787200009.655,965,1000,0,1787200009.0,1
2,AAPL,99.385972,1787200009.665,966,1000,0,1787200009.0,1
2,INTC,101.430773,1787200009.665,966,1000,1,1787200009.0,1
2,MSFT,102.6104,1787200009.665,966,1000,0,1787200009.0,1
2,AAPL,99.446751,1787200009.675,967,1000,0,1787200009.0,1
2,INTC,101.523269,1787200009.675,967,1000,1,1787200009.0,1
2,MSFT,102.659305,1787200009.675,967,1000,0,1787200009.0,1
2,AAPL,99.552161,1787200009.685,968,1000,0,1787200009.0,1
2,INTC,101.497832,1787200009.685,968,1000,1,1787200009.0,1
2,MSFT,102.69618,1787200009.685,968,1000,0,1787200009.0,1
2,AAPL,99.566611,1787200009.695,969,1000,0,1787200009.0,1
2,INTC,101.485799,1787200009.695,969,1000,1,1787200009.0,1
2,MSFT,102.729825,1787200009.695,969,1000,0,1787200009.0,1
2,AAPL,99.5317,1787200009.705,970,1000,0,1787200009.0,1
2,INTC,101.528289,1787200009.705,970,1000,1,1787200009.0,1
2,MSFT,102.756344,1787200009.705,970,1000,0,1787200009.0,1
2,AAPL,99.502996,1787200009.715,971,1000,0,1787200009.0,1
2,INTC,101.489894,1787200009.715,971,1000,1,1787200009.0,1
2,MSFT,102.780808,1787200009.715,971,1000,0,1787200009.0,1
2,AAPL,99.526633,1787200009.725,972,1000,0,1787200009.0,1
2,INTC,101.459839,1787200009.725,972,1000,1,1787200009.0,1
2,MSFT,102.740927,1787200009.725,972,1000,0,1787200009.0,1
2,AAPL,99.520625,1787200009.735,973,1000,0,1787200009.0,1
2,INTC,101.450089,1787200009.735,973,1000,1,1787200009.0,1
2,MSFT,102.816605,1787200009.735,973,1000,0,1787200009.0,1
2,AAPL,99.573979,1787200009.745,974,1000,0,1787200009.0,1
2,INTC,101.493796,1787200009.745,974,1000,1,1787200009.0,1
2,MSFT,102.770481,1787200009.745,974,1000,0,1787200009.0,1
2,AAPL,99.56321,1787200009.755,975,1000,0,1787200009.0,1
2,INTC,101.541905,1787200009.755,975,1000,1,1787200009.0,1
2,MSFT,102.738556,1787200009.755,975,1000,0,1787200009.0,1
2,AAPL,99.593279,1787200009.765,976,1000,0,1787200009.0,1
2,INTC,101.514178,1787200009.765,976,1000,1,1787200009.0,1
2,MSFT,102.749491,1787200009.765,976,1000,0,1787200009.0,1
2,AAPL,99.548273,1787200009.775,977,1000,0,1787200009.0,1
2,INTC,101.503707,1787200009.775,977,1000,1,1787200009.0,1
2,MSFT,102.695727,1787200009.775,977,1000,0,1787200009.0,1
2,AAPL,99.527471,1787200009.785,978,1000,0,1787200009.0,1
2,INTC,101.450708,1787200009.785,978,1000,1,1787200009.0,1
2,MSFT,102.671136,1787200009.785,978,1000,0,1787200009.0,1
2,AAPL,99.585921,1787200009.795,979,1000,0,1787200009.0,1
2,INTC,101.473173,1787200009.795,979,1000,1,1787200009.0,1
2,MSFT,102.615193,1787200009.795,979,1000,0,1787200009.0,1
2,AAPL,99.566503,1787200009.805,980,1000,0,1787200009.0,1
2,INTC,101.428885,1787200009.805,980,1000,1,1787200009.0,1
2,MSFT,102.567953,1787200009.805,980,1000,0,1787200009.0,1
2,AAPL,99.555103,1787200009.815,981,1000,0,1787200009.0,1
2,INTC,101.351883,1787200009.815,981,1000,1,1787200009.0,1
2,MSFT,102.591783,1787200009.815,981,1000,0,1787200009.0,1
2,AAPL,99.545225,1787200009.825,982,1000,0,1787200009.0,1
2,INTC,101.259149,1787200009.825,982,1000,1,1787200009.0,1
2,MSFT,102.575271,1787200009.825,982,1000,0,1787200009.0,1
2,AAPL,99.641666,1787200009.835,983,1000,0,1787200009.0,1
2,INTC,101.307883,1787200009.835,983,1000,1,1787200009.0,1
2,MSFT,102.556044,1787200009.835,983,1000,0,1787200009.0,1
2,AAPL,99.625197,1787200009.845,984,1000,0,1787200009.0,1
2,INTC,101.324177,1787200009.845,984,1000,1,1787200009.0,1
2,MSFT,102.498779,1787200009.845,984,1000,0,1787200009.0,1
2,AAPL,99.549337,1787200009.855,985,1000,0,1787200009.0,1
2,INTC,101.218988,1787200009.855,985,1000,1,1787200009.0,1
2,MSFT,102.521456,1787200009.855,985,1000,0,1787200009.0,1
2,AAPL,99.647937,1787200009.865,986,1000,0,1787200009.0,1
2,INTC,101.269058,1787200009.865,986,1000,1,1787200009.0,1
2,MSFT,102.504332,1787200009.865,986,1000,0,1787200009.0,1
2,AAPL,99.692073,1787200009.875,987,1000,0,1787200009.0,1
2,INTC,101.323733,1787200009.875,987,1000,1,1787200009.0,1
2,MSFT,102.570152,1787200009.875,987,1000,0,1787200009.0,1
2,AAPL,99.690884,1787200009.885,988,1000,0,1787200009.0,1
2,INTC,101.284598,1787200009.885,988,1000,1,1787200009.0,1
2,MSFT,102.605645,1787200009.885,988,1000,0,1787200009.0,1
2,AAPL,99.78645,1787200009.895,989,1000,0,1787200009.0,1
2,INTC,101.312068,1787200009.895,989,1000,1,1787200009.0,1
2,MSFT,102.563242,1787200009.895,989,1000,0,1787200009.0,1
2,AAPL,99.729697,1787200009.905,990,1000,0,1787200009.0,1
2,INTC,101.255546,1787200009.905,990,1000,1,1787200009.0,1
2,MSFT,102.686113,1787200009.905,990,1000,0,1787200009.0,1
2,AAPL,99.743149,1787200009.915,991,1000,0,1787200009.0,1
2,INTC,101.261589,1787200009.915,991,1000,1,1787200009.0,1
2,MSFT,102.701003,1787200009.915,991,1000,0,1787200009.0,1
2,AAPL,99.656431,1787200009.925,992,1000,0,1787200009.0,1
2,INTC,101.18868,1787200009.925,992,1000,1,1787200009.0,1
2,MSFT,102.753481,1787200009.925,992,1000,0,1787200009.0,1
2,AAPL,99.681458,1787200009.935,993,1000,0,1787200009.0,1
2,INTC,101.173222,1787200009.935,993,1000,1,1787200009.0,1
2,MSFT,102.767823,1787200009.935,993,1000,0,1787200009.0,1
2,AAPL,99.691703,1787200009.945,994,1000,0,1787200009.0,1
2,INTC,101.212395,1787200009.945,994,1000,1,1787200009.0,1
2,MSFT,102.90333,1787200009.945,994,1000,0,1787200009.0,1
2,AAPL,99.700593,1787200009.955,995,1000,0,1787200009.0,1
2,INTC,101.250701,1787200009.955,995,1000,1,1787200009.0,1
2,MSFT,102.949855,1787200009.955,995,1000,0,1787200009.0,1
2,AAPL,99.678342,1787200009.965,996,1000,0,1787200009.0,1
2,INTC,101.276466,1787200009.965,996,1000,1,1787200009.0,1
2,MSFT,102.911047,1787200009.965,996,1000,0,1787200009.0,1
2,AAPL,99.632544,1787200009.975,997,1000,0,1787200009.0,1
2,INTC,101.276851,1787200009.975,997,1000,1,1787200009.0,1
2,MSFT,102.90035,1787200009.975,997,1000,0,1787200009.0,1
2,AAPL,99.600542,1787200009.985,998,1000,0,1787200009.0,1
2,INTC,101.210699,1787200009.985,998,1000,1,1787200009.0,1
2,MSFT,102.913448,1787200009.985,998,1000,0,1787200009.0,1
2,AAPL,99.6337,1787200009.995,999,1000,0,1787200009.0,1
2,INTC,101.275631,1787200009.995,999,1000,1,1787200009.0,1
2,MSFT,102.976214,1787200009.995,999,1000,0,1787200009.0,1
